Address,Content Type,Status Code,Status,Indexability,Indexability Status,Title 1,Title 1 Length,Title 1 Pixel Width,Meta Description 1,Meta Description 1 Length,Meta Description 1 Pixel Width,Meta Keywords 1,Meta Keywords 1 Length,H1-1,H1-1 Length,H1-2,H1-2 Length,H2-1,H2-1 Length,H2-2,H2-2 Length,Meta Robots 1,X-Robots-Tag 1,Meta Refresh 1,Canonical Link Element 1,"rel=""next"" 1","rel=""prev"" 1","HTTP rel=""next"" 1","HTTP rel=""prev"" 1",amphtml Link Element,Size (Bytes),Transferred (Bytes),Total Transferred (Bytes),CO2 (mg),Carbon Rating,Word Count,Sentence Count,Average Words Per Sentence,Flesch Reading Ease Score,Readability,Text Ratio,Crawl Depth,Folder Depth,Link Score,Inlinks,Unique Inlinks,Unique JS Inlinks,% of Total,Outlinks,Unique Outlinks,Unique JS Outlinks,External Outlinks,Unique External Outlinks,Unique External JS Outlinks,Closest Near Duplicate Match,No. Near Duplicates,Spelling Errors,Grammar Errors,Hash,Response Time,Last Modified,Redirect URL,Redirect Type,Cookies,Language,HTTP Version,Mobile Alternate Link,Closest Semantically Similar Address,Semantic Similarity Score,No. Semantically Similar,Semantic Relevance Score,URL Encoded Address,Crawl Timestamp
https://www.syedirfanajmal.com/,text/html; charset=utf-8,200,OK,Indexable,,Syed Irfan Ajmal · Fractional CMO & Earned Media Strategist,59,536,"Fractional CMO, international speaker, and founder of DMR.agency. Helping founders and marketing teams get found, get covered, and get customers through GEO, SEO-PR, and earned media.",183,1184,,0,WHY PAY FOR ATTENTION WHEN YOU CAN EARN IT?,43,,0,Resources.,10,What clients say.,17,,,,,,,,,,72399,16265,16265,2.410473,,975,236,4.131355932,90.70936604,Very Easy,8.928723,0,0,,333,72,0,98.63,53,19,0,10,8,0,,,,,612fc6f083f35c75b1c0d3284e6c47c3,0.122,,,,,en,1.1,,,,,,https://www.syedirfanajmal.com/,2026-06-26 0:33:31
https://www.syedirfanajmal.com/_next/static/chunks/0d3shmwh5_nmn.js,application/javascript; charset=utf-8,200,OK,Indexable,,,0,0,,0,0,,0,,0,,0,,0,,0,,,,,,,,,,0,0,0,0,,0,,,,,0,1,3,,0,0,0,0,0,0,0,0,0,0,,,,,,0.236,"Thu, 25 Jun 2026 18:50:07 GMT",,,,,1.1,,,,,,https://www.syedirfanajmal.com/_next/static/chunks/0d3shmwh5_nmn.js,2026-06-26 0:33:33
https://www.syedirfanajmal.com/_next/static/chunks/0t1et0tty8o9s.js,application/javascript; charset=utf-8,200,OK,Indexable,,,0,0,,0,0,,0,,0,,0,,0,,0,,,,,,,,,,0,0,0,0,,0,,,,,0,1,3,,0,0,0,0,0,0,0,0,0,0,,,,,,0.253,"Thu, 25 Jun 2026 18:50:07 GMT",,,,,1.1,,,,,,https://www.syedirfanajmal.com/_next/static/chunks/0t1et0tty8o9s.js,2026-06-26 0:33:33
https://www.syedirfanajmal.com/gallery,text/html; charset=utf-8,200,OK,Indexable,,"Gallery · Speaking, Conferences & Travel · Syed Irfan Ajmal",59,520,"Photos from international conferences, keynotes, workshops, and travels — Dubai, Bali, Copenhagen, and beyond.",110,701,,0,Twelve photographs. Six reels. Three continents.,48,,0,"If you would like a similar room of your own, the booking desk is open.",71,Real case studies. Zero filler.,31,,,,https://www.syedirfanajmal.com/gallery,,,,,,78274,12649,12649,1.8745818,,496,101,4.910891089,90.98351006,Very Easy,4.490627,1,0,,64,63,0,86.3,40,17,0,8,8,0,,,,,f3020ab19664d738b9fa0b99342f097,0.142,,,,,en,1.1,,,,,,https://www.syedirfanajmal.com/gallery,2026-06-26 0:33:33
https://www.syedirfanajmal.com/resources,text/html; charset=utf-8,200,OK,Indexable,,"Resources · Playbooks, Guides & Tools · Syed Irfan Ajmal",56,502,"Free playbooks on personal branding, neuromarketing, storytelling, writing tips, and SEO-PR tools. Practical guides from a fractional CMO with 20+ years in digital marketing.",174,1065,,0,The frameworks behind the bylines.,34,,0,The show on the air.,20,Where the writing has gone.,27,,,,https://www.syedirfanajmal.com/resources,,,,,,118036,15884,15884,2.3540088,,907,231,3.926406926,82.80537503,Easy,5.204,1,0,,207,65,0,89.04,56,30,0,10,8,0,,,,,763894a91085fd2cdb91e33528340d12,0.306,,,,,en,1.1,,,,,,https://www.syedirfanajmal.com/resources,2026-06-26 0:33:33
https://www.syedirfanajmal.com/_next/static/chunks/0_h5ci9.9lmbh.js,application/javascript; charset=utf-8,200,OK,Indexable,,,0,0,,0,0,,0,,0,,0,,0,,0,,,,,,,,,,0,0,0,0,,0,,,,,0,1,3,,0,0,0,0,0,0,0,0,0,0,,,,,,0.085,"Thu, 25 Jun 2026 18:50:07 GMT",,,,,1.1,,,,,,https://www.syedirfanajmal.com/_next/static/chunks/0_h5ci9.9lmbh.js,2026-06-26 0:33:33
https://www.syedirfanajmal.com/assets/sia-logo-white.png,image/png,200,OK,Indexable,,,0,0,,0,0,,0,,0,,0,,0,,0,,,,,,,,,,51319,51319,51319,7.6054758,,0,,,,,0,1,1,,0,0,0,0,0,0,0,0,0,0,,,,,,0.097,"Thu, 25 Jun 2026 18:50:07 GMT",,,,,1.1,,,,,,https://www.syedirfanajmal.com/assets/sia-logo-white.png,2026-06-26 0:33:33
https://www.syedirfanajmal.com/_next/static/chunks/03~yq9q893hmn.js,application/javascript; charset=utf-8,200,OK,Indexable,,,0,0,,0,0,,0,,0,,0,,0,,0,,,,,,,,,,0,0,0,0,,0,,,,,0,1,3,,0,0,0,0,0,0,0,0,0,0,,,,,,0.261,"Thu, 25 Jun 2026 19:19:50 GMT",,,,,1.1,,,,,,https://www.syedirfanajmal.com/_next/static/chunks/03~yq9q893hmn.js,2026-06-26 0:33:34
https://www.syedirfanajmal.com/_next/static/chunks/110q6k5sdl4es.js,application/javascript; charset=utf-8,200,OK,Indexable,,,0,0,,0,0,,0,,0,,0,,0,,0,,,,,,,,,,0,0,0,0,,0,,,,,0,1,3,,0,0,0,0,0,0,0,0,0,0,,,,,,0.28,"Thu, 25 Jun 2026 18:50:07 GMT",,,,,1.1,,,,,,https://www.syedirfanajmal.com/_next/static/chunks/110q6k5sdl4es.js,2026-06-26 0:33:34
https://www.syedirfanajmal.com/_next/static/chunks/turbopack-0_ac9-0rp3c.1.js,application/javascript; charset=utf-8,200,OK,Indexable,,,0,0,,0,0,,0,,0,,0,,0,,0,,,,,,,,,,0,0,0,0,,0,,,,,0,1,3,,0,0,0,0,0,0,0,0,0,0,,,,,,0.09,"Thu, 25 Jun 2026 18:50:07 GMT",,,,,1.1,,,,,,https://www.syedirfanajmal.com/_next/static/chunks/turbopack-0_ac9-0rp3c.1.js,2026-06-26 0:33:34
https://www.syedirfanajmal.com/infographics/journo-outreach-checklist,text/html; charset=utf-8,200,OK,Indexable,,The Journo Outreach Checklist · Interactive Field Guide,55,490,"An interactive, field-tested checklist to get your journalist pitches ready before you hit send, covering targeting, timing, personalization, and follow-up.",156,916,,0,The Journo Outreach Checklist,29,,0,This checklist is one page of EMOS — the Earned Media OS.,57,"Want coverage like this, on repeat?",35,,,,https://www.syedirfanajmal.com/infographics/journo-outreach-checklist,,,,,,73215,12150,12150,1.80063,,845,140,6.035714286,97.88721154,Very Easy,7.1619344,1,1,,3,3,0,4.11,43,20,0,7,7,0,,,,,69ae789827d3862eb168b7beedc541fa,0.341,,,,,en,1.1,,,,,,https://www.syedirfanajmal.com/infographics/journo-outreach-checklist,2026-06-26 0:33:34
https://www.syedirfanajmal.com/press-kit,text/html; charset=utf-8,200,OK,Indexable,,Press Kit | Syed Irfan Ajmal,28,242,"Media and press resources for Syed Irfan Ajmal, Fractional CMO, founder of DMR.agency, and creator of EMOS. Bios, fast facts, headshots, coverage, and downloads.",161,1023,,0,Syed Irfan Ajmal,16,,0,Ready-to-use copy,17,What to quote him on,20,,,,https://www.syedirfanajmal.com/press-kit,,,,,,82071,17364,17364,2.5733448,,2006,435,4.611494253,72.34436324,Fairly Easy,16.303957,1,0,,205,65,0,89.04,55,30,0,24,22,0,,,,,75324d9840d83daccc7138ae1d0b3d3c,0.392,"Thu, 25 Jun 2026 19:19:50 GMT",,,,en,1.1,,,,,,https://www.syedirfanajmal.com/press-kit,2026-06-26 0:33:34
https://www.syedirfanajmal.com/newsletter,text/html; charset=utf-8,200,OK,Indexable,,Newsletter · Syed Irfan Ajmal,29,259,Real case studies. Unfiltered lessons. Two emails a month from a fractional CMO with 20+ years in the trenches.,111,689,,0,Two emails a month.,19,,0,Real case studies. Zero filler.,31,,0,,,,https://www.syedirfanajmal.com/newsletter,,,,,,50197,9505,9505,1.408641,,204,33,6.181818182,100,Very Easy,3.6237965,1,0,,63,63,0,86.3,38,17,0,7,7,0,,,,,1bb6683a2ff9a9694483d28b543b75e,0.296,,,,,en,1.1,,,,,,https://www.syedirfanajmal.com/newsletter,2026-06-26 0:33:34
https://www.syedirfanajmal.com/speaking,text/html; charset=utf-8,200,OK,Indexable,,Speaking · International Keynotes & Workshops · Syed Irfan Ajmal,64,580,"Keynotes and workshops on SEO-PR, earned media, content marketing, and personal branding. 15+ international stages including Dubai, Bali, Copenhagen, and Lahore.",161,1034,,0,Talks that move a metric.,25,,0,Six reels from the road.,24,Two talks I can give in my sleep.,33,,,,https://www.syedirfanajmal.com/speaking,,,,,,120072,18970,18970,2.811354,,1753,412,4.254854369,82.4933907,Easy,9.208724,1,0,,204,65,0,89.04,57,19,0,9,8,0,,,,,6b2ebdd771db6c1947b8f05f8508c7a8,0.285,,,,,en,1.1,,,,,,https://www.syedirfanajmal.com/speaking,2026-06-26 0:33:33
https://www.syedirfanajmal.com/ventures,text/html; charset=utf-8,200,OK,Indexable,,Ventures · Portfolio & Side Projects · Syed Irfan Ajmal,55,474,"SIA's portfolio of ventures, side projects, and entrepreneurial experiments across digital marketing, SaaS, and content.",120,724,,0,The businesses behind the bylines.,34,,0,Want the same for your brand?,29,Real case studies. Zero filler.,31,,,,https://www.syedirfanajmal.com/ventures,,,,,,78694,13197,13197,1.9557954,,1117,230,4.856521739,71.10509328,Fairly Easy,9.648564,1,0,,63,63,0,86.3,40,17,0,11,8,0,,,,,ebf33cefdedfeff6a9117f4f6702cf15,0.189,,,,,en,1.1,,,,,,https://www.syedirfanajmal.com/ventures,2026-06-26 0:33:34
https://www.syedirfanajmal.com/_next/static/chunks/0uk-i4.g.7-q4.js,application/javascript; charset=utf-8,200,OK,Indexable,,,0,0,,0,0,,0,,0,,0,,0,,0,,,,,,,,,,0,0,0,0,,0,,,,,0,1,3,,0,0,0,0,0,0,0,0,0,0,,,,,,0.106,"Thu, 25 Jun 2026 18:50:07 GMT",,,,,1.1,,,,,,https://www.syedirfanajmal.com/_next/static/chunks/0uk-i4.g.7-q4.js,2026-06-26 0:33:35
https://www.syedirfanajmal.com/fractional-cmo,text/html; charset=utf-8,200,OK,Indexable,,Fractional CMO · Strategic Marketing Leadership · Syed Irfan Ajmal,66,594,"Fractional CMO services for startups and scale-ups. GEO, SEO-PR strategy, earned media, and content marketing leadership — without the full-time overhead.",154,970,,0,"Marketing leadership, without the headcount.",44,,0,Six things you actually get.,28,"The numbers, in print.",22,,,,https://www.syedirfanajmal.com/fractional-cmo,,,,,,109929,19424,19424,2.8786368,,2356,422,5.582938389,86.1898795,Easy,13.006239,1,0,,262,65,0,89.04,45,17,0,16,13,0,,,,,ba23b4f3ee1ab3a661dae1d2e4b9ca28,0.129,,,,,en,1.1,,,,,,https://www.syedirfanajmal.com/fractional-cmo,2026-06-26 0:33:35
https://www.syedirfanajmal.com/_next/static/chunks/01jkn-x7_-b5r.js,application/javascript; charset=utf-8,200,OK,Indexable,,,0,0,,0,0,,0,,0,,0,,0,,0,,,,,,,,,,0,0,0,0,,0,,,,,0,1,3,,0,0,0,0,0,0,0,0,0,0,,,,,,0.085,"Thu, 25 Jun 2026 18:50:07 GMT",,,,,1.1,,,,,,https://www.syedirfanajmal.com/_next/static/chunks/01jkn-x7_-b5r.js,2026-06-26 0:33:35
https://www.syedirfanajmal.com/contact,text/html; charset=utf-8,200,OK,Indexable,,Contact · Get in Touch · Syed Irfan Ajmal,41,359,"Reach out for fractional CMO engagements, speaking invitations, EMOS enquiries, or press. Two business days to a reply.",119,747,,0,Let’s talk about your growth.,29,Let’s correspond.,17,Prefer to talk?,15,Real case studies. Zero filler.,31,,,,https://www.syedirfanajmal.com/contact,,,,,,51731,10223,10223,1.5150486,,410,93,4.408602151,86.60270784,Easy,5.836742,1,0,,194,66,0,90.41,40,17,0,9,9,0,,,,,ffdd8b3998168c3486270980ad85a416,0.125,,,,,en,1.1,,,,,,https://www.syedirfanajmal.com/contact,2026-06-26 0:33:35
https://www.syedirfanajmal.com/emos,text/html; charset=utf-8,200,OK,Indexable,,EMOS · Build the Media Presence Investors Check Before Your First Meeting · Syed Irfan Ajmal,92,837,"EMOS, the Earned Media Operating System, is a Guided Implementation System for founders 3 to 12 months from a Series A raise. One-time investment. Capability you keep forever.",175,1109,,0,Build the Media Presence Investors Check Before Your First Meeting.,67,,0,Someone who's been on both sides of the journalist's inbox.,59,Four failure modes. Every industry.,35,,,,https://www.syedirfanajmal.com/emos,,,,,,262465,51341,51341,7.6087362,,4648,965,4.816580311,80.3973758,Easy,10.712607,1,0,,302,70,0,95.89,53,13,0,5,5,0,,,,,ee95f4eca175fb97f247977440931479,0.13,,,,,en,1.1,,,,,,https://www.syedirfanajmal.com/emos,2026-06-26 0:33:35
https://www.syedirfanajmal.com/_next/static/chunks/0f.y7npi8u2v2.js,application/javascript; charset=utf-8,200,OK,Indexable,,,0,0,,0,0,,0,,0,,0,,0,,0,,,,,,,,,,0,0,0,0,,0,,,,,0,1,3,,0,0,0,0,0,0,0,0,0,0,,,,,,0.104,"Thu, 25 Jun 2026 18:50:07 GMT",,,,,1.1,,,,,,https://www.syedirfanajmal.com/_next/static/chunks/0f.y7npi8u2v2.js,2026-06-26 0:33:36
https://www.syedirfanajmal.com/assets/speaking/mps2016.jpg,image/jpeg,200,OK,Indexable,,,0,0,,0,0,,0,,0,,0,,0,,0,,,,,,,,,,61296,61296,61296,9.0840672,,0,,,,,0,1,2,,1,1,0,1.37,0,0,0,0,0,0,,,,,,0.25,"Thu, 25 Jun 2026 19:19:52 GMT",,,,,1.1,,,,,,https://www.syedirfanajmal.com/assets/speaking/mps2016.jpg,2026-06-26 0:33:36
https://www.syedirfanajmal.com/assets/testimonials/imani-lea-brown.jpg,image/jpeg,200,OK,Indexable,,,0,0,,0,0,,0,,0,,0,,0,,0,,,,,,,,,,5468,5468,5468,0.8103576,,0,,,,,0,1,2,,0,0,0,0,0,0,0,0,0,0,,,,,,0.264,"Thu, 25 Jun 2026 18:50:09 GMT",,,,,1.1,,,,,,https://www.syedirfanajmal.com/assets/testimonials/imani-lea-brown.jpg,2026-06-26 0:33:36
https://www.syedirfanajmal.com/strategy-call,text/html; charset=utf-8,200,OK,Indexable,,Book a Strategy Call · Syed Irfan Ajmal,39,340,"Book a free 30-minute strategy call with Syed Irfan Ajmal. Fractional CMO, earned media strategist, and founder of DMR.agency.",126,790,,0,Book a strategy call.,21,,0,,0,,0,,,,https://www.syedirfanajmal.com/strategy-call,,,,,,55472,10005,10005,1.482741,,240,44,5.454545455,100,Very Easy,3.502304,1,0,,144,64,0,87.67,38,17,0,7,7,0,,,,,d9367a7dab568c247b26b08620345e8c,0.276,,,,,en,1.1,,,,,,https://www.syedirfanajmal.com/strategy-call,2026-06-26 0:33:36
https://www.syedirfanajmal.com/_next/static/chunks/138cna.zgiern.js,application/javascript; charset=utf-8,200,OK,Indexable,,,0,0,,0,0,,0,,0,,0,,0,,0,,,,,,,,,,0,0,0,0,,0,,,,,0,1,3,,0,0,0,0,0,0,0,0,0,0,,,,,,0.089,"Thu, 25 Jun 2026 18:50:07 GMT",,,,,1.1,,,,,,https://www.syedirfanajmal.com/_next/static/chunks/138cna.zgiern.js,2026-06-26 0:33:36
https://www.syedirfanajmal.com/_next/static/chunks/0s-x.rn~cj3kz.js,application/javascript; charset=utf-8,200,OK,Indexable,,,0,0,,0,0,,0,,0,,0,,0,,0,,,,,,,,,,0,0,0,0,,0,,,,,0,1,3,,0,0,0,0,0,0,0,0,0,0,,,,,,0.272,"Thu, 25 Jun 2026 18:50:07 GMT",,,,,1.1,,,,,,https://www.syedirfanajmal.com/_next/static/chunks/0s-x.rn~cj3kz.js,2026-06-26 0:33:36
https://www.syedirfanajmal.com/tools/partnercollabiq,text/html; charset=utf-8,200,OK,Indexable,,PartnerCollabIQ · Partnership Intelligence Tool · Syed Irfan Ajmal,66,574,"AI-powered partnership intelligence. Discover non-obvious co-marketing partners, score them, generate personalised outreach, and export a 90-day campaign brief — in minutes.",173,1087,,0,,0,,0,"What if growth wasn’t about competing, but collaborating?",57,National Tyres & Autocare,25,,,,https://www.syedirfanajmal.com/tools/partnercollabiq,,,,,,40064,8267,8267,1.2251694,,240,66,3.636363636,55.44659091,Fairly Hard,4.073676,1,1,,2,2,0,2.74,2,1,0,0,0,0,,,,,5e83ebc925ed1fc603c0fd3fc7fe96bc,0.269,,,,,en,1.1,,,,,,https://www.syedirfanajmal.com/tools/partnercollabiq,2026-06-26 0:33:36
https://www.syedirfanajmal.com/_next/static/chunks/09x664t7jwwzm.css,text/css; charset=utf-8,200,OK,Indexable,,,0,0,,0,0,,0,,0,,0,,0,,0,,,,,,,,,,0,0,0,0,,0,,,,,0,1,3,,0,0,0,0,0,0,0,0,0,0,,,,,,0.252,"Thu, 25 Jun 2026 18:50:07 GMT",,,,,1.1,,,,,,https://www.syedirfanajmal.com/_next/static/chunks/09x664t7jwwzm.css,2026-06-26 0:33:36
https://www.syedirfanajmal.com/assets/testimonials/reem-el-shafaki.jpg,image/jpeg,200,OK,Indexable,,,0,0,,0,0,,0,,0,,0,,0,,0,,,,,,,,,,4177,4177,4177,0.6190314,,0,,,,,0,1,2,,0,0,0,0,0,0,0,0,0,0,,,,,,0.244,"Thu, 25 Jun 2026 18:50:09 GMT",,,,,1.1,,,,,,https://www.syedirfanajmal.com/assets/testimonials/reem-el-shafaki.jpg,2026-06-26 0:33:36
https://www.syedirfanajmal.com/refund-policy,text/html; charset=utf-8,200,OK,Indexable,,Refund Policy · Syed Irfan Ajmal,32,282,"EMOS refund terms, including our placements-or-refund guarantee, eligibility, and how to request a refund.",106,655,,0,Refund Policy,13,,0,Real case studies. Zero filler.,31,,0,,,,https://www.syedirfanajmal.com/refund-policy,,,,,,64416,11455,11455,1.697631,,501,79,6.341772152,74.42684378,Fairly Easy,5.7579484,1,0,,66,65,0,89.04,39,17,0,7,7,0,,,,,2a4c112b76046448a7436019d547b6c,0.11,,,,,en,1.1,,,,,,https://www.syedirfanajmal.com/refund-policy,2026-06-26 0:33:37
https://www.syedirfanajmal.com/assets/testimonials/brett-helling.jpeg,image/jpeg,200,OK,Indexable,,,0,0,,0,0,,0,,0,,0,,0,,0,,,,,,,,,,4748,4748,4748,0.7036536,,0,,,,,0,1,2,,0,0,0,0,0,0,0,0,0,0,,,,,,0.402,"Thu, 25 Jun 2026 18:50:09 GMT",,,,,1.1,,,,,,https://www.syedirfanajmal.com/assets/testimonials/brett-helling.jpeg,2026-06-26 0:33:36
https://www.syedirfanajmal.com/assets/testimonials/chuck-wang.jpg,image/jpeg,200,OK,Indexable,,,0,0,,0,0,,0,,0,,0,,0,,0,,,,,,,,,,3695,3695,3695,0.547599,,0,,,,,0,1,2,,0,0,0,0,0,0,0,0,0,0,,,,,,0.085,"Thu, 25 Jun 2026 18:50:09 GMT",,,,,1.1,,,,,,https://www.syedirfanajmal.com/assets/testimonials/chuck-wang.jpg,2026-06-26 0:33:37
https://www.syedirfanajmal.com/terms,text/html; charset=utf-8,200,OK,Indexable,,Terms of Service · Syed Irfan Ajmal,35,313,"The terms governing your use of EMOS and Syed Irfan Ajmal's services — access, payments, responsibilities, and limitations.",123,761,,0,Terms of Service,16,,0,Real case studies. Zero filler.,31,,0,,,,https://www.syedirfanajmal.com/terms,,,,,,69462,11878,11878,1.7603196,,589,105,5.60952381,71.58411771,Fairly Easy,6.1721444,1,0,,66,66,0,90.41,40,17,0,7,7,0,,,,,237d5eefdb61c91bacb650441581f254,0.267,,,,,en,1.1,,,,,,https://www.syedirfanajmal.com/terms,2026-06-26 0:33:37
https://www.syedirfanajmal.com/_next/static/chunks/00xg0yqzpn5gg.js,application/javascript; charset=utf-8,200,OK,Indexable,,,0,0,,0,0,,0,,0,,0,,0,,0,,,,,,,,,,0,0,0,0,,0,,,,,0,1,3,,0,0,0,0,0,0,0,0,0,0,,,,,,0.081,"Thu, 25 Jun 2026 18:50:07 GMT",,,,,1.1,,,,,,https://www.syedirfanajmal.com/_next/static/chunks/00xg0yqzpn5gg.js,2026-06-26 0:33:37
https://www.syedirfanajmal.com/_next/static/chunks/0pqt~8bl3ukh4.js,application/javascript; charset=utf-8,200,OK,Indexable,,,0,0,,0,0,,0,,0,,0,,0,,0,,,,,,,,,,0,0,0,0,,0,,,,,0,1,3,,0,0,0,0,0,0,0,0,0,0,,,,,,0.251,"Thu, 25 Jun 2026 18:50:07 GMT",,,,,1.1,,,,,,https://www.syedirfanajmal.com/_next/static/chunks/0pqt~8bl3ukh4.js,2026-06-26 0:33:37
https://www.syedirfanajmal.com/privacy,text/html; charset=utf-8,200,OK,Indexable,,Privacy Policy · Syed Irfan Ajmal,33,284,"How Syed Irfan Ajmal and EMOS collect, use, and protect your information — data, payments, cookies, and your privacy rights.",124,776,,0,Privacy Policy,14,,0,Real case studies. Zero filler.,31,,0,,,,https://www.syedirfanajmal.com/privacy,,,,,,67290,11635,11635,1.724307,,549,92,5.967391304,73.49285192,Fairly Easy,5.973751,1,0,,67,67,0,91.78,39,17,0,7,7,0,,,,,e84811dbfe214099e730195146e9e049,0.277,,,,,en,1.1,,,,,,https://www.syedirfanajmal.com/privacy,2026-06-26 0:33:37
https://www.syedirfanajmal.com/_next/static/chunks/05cb37z0kpq1b.js,application/javascript; charset=utf-8,200,OK,Indexable,,,0,0,,0,0,,0,,0,,0,,0,,0,,,,,,,,,,0,0,0,0,,0,,,,,0,1,3,,0,0,0,0,0,0,0,0,0,0,,,,,,0.257,"Thu, 25 Jun 2026 18:50:07 GMT",,,,,1.1,,,,,,https://www.syedirfanajmal.com/_next/static/chunks/05cb37z0kpq1b.js,2026-06-26 0:33:38
https://www.syedirfanajmal.com/_next/static/chunks/01xlw8hd842-c.js,application/javascript; charset=utf-8,200,OK,Indexable,,,0,0,,0,0,,0,,0,,0,,0,,0,,,,,,,,,,0,0,0,0,,0,,,,,0,1,3,,0,0,0,0,0,0,0,0,0,0,,,,,,0.252,"Thu, 25 Jun 2026 18:50:07 GMT",,,,,1.1,,,,,,https://www.syedirfanajmal.com/_next/static/chunks/01xlw8hd842-c.js,2026-06-26 0:33:38
https://www.syedirfanajmal.com/_next/static/chunks/00fzuc9k6_6zc.js,application/javascript; charset=utf-8,200,OK,Indexable,,,0,0,,0,0,,0,,0,,0,,0,,0,,,,,,,,,,0,0,0,0,,0,,,,,0,1,3,,0,0,0,0,0,0,0,0,0,0,,,,,,0.096,"Thu, 25 Jun 2026 19:17:41 GMT",,,,,1.1,,,,,,https://www.syedirfanajmal.com/_next/static/chunks/00fzuc9k6_6zc.js,2026-06-26 0:33:38
https://www.syedirfanajmal.com/assets/testimonials/brie-moreau.jpg,image/jpeg,200,OK,Indexable,,,0,0,,0,0,,0,,0,,0,,0,,0,,,,,,,,,,5339,5339,5339,0.7912398,,0,,,,,0,1,2,,0,0,0,0,0,0,0,0,0,0,,,,,,0.241,"Thu, 25 Jun 2026 18:50:09 GMT",,,,,1.1,,,,,,https://www.syedirfanajmal.com/assets/testimonials/brie-moreau.jpg,2026-06-26 0:33:38
https://www.syedirfanajmal.com/clients,text/html; charset=utf-8,200,OK,Indexable,,Clients · The Roster · Syed Irfan Ajmal,39,335,"Three-tier client roster: pre-agency profile engagements, featured case studies with headline results, and the full logo grid.",126,745,,0,"Selected engagements, filed.",28,,0,Real case studies. Zero filler.,31,,0,,,,https://www.syedirfanajmal.com/clients,,,,,,84646,12505,12505,1.853241,,739,193,3.829015544,76.79266289,Fairly Easy,6.1452646,1,0,,68,63,0,86.3,41,17,0,7,7,0,,,,,4c176b661846f551152a0f2bb8c88261,0.274,,,,,en,1.1,,,,,,https://www.syedirfanajmal.com/clients,2026-06-26 0:33:38
https://www.syedirfanajmal.com/about,text/html; charset=utf-8,200,OK,Indexable,,"About · Career, Press & Recognitions · Syed Irfan Ajmal",55,486,"The story behind SIA — from bootstrapping a remote agency in 2013 to fractional CMO, international speaker, and Forbes/HBR contributor. Career chronicle, press mentions, and recognitions.",187,1176,,0,The work speaks. The numbers confirm it.,40,,0,Written for. Quoted in.,23,"Numbers, not promises.",22,,,,https://www.syedirfanajmal.com/about,,,,,,190052,27439,27439,4.0664598,,1181,269,4.390334572,81.17372997,Easy,4.0781994,1,0,,194,65,0,89.04,44,17,0,9,9,0,,,,,bd6c05876c4725770ece37321c718233,0.348,,,,,en,1.1,,,,,,https://www.syedirfanajmal.com/about,2026-06-26 0:33:38
https://www.syedirfanajmal.com/podcast,text/html; charset=utf-8,200,OK,Indexable,,Podcast · The SIA Show · Syed Irfan Ajmal,41,372,"38 episodes across 4 seasons: conversations with founders, marketers, and operators on SEO, PR, link building, remote work, and growth. Hosted by Syed Irfan Ajmal.",163,1022,,0,Conversations on business & craft.,34,,0,Melanie Martin on a $2.3 Million ROI PR Campaign,48,Six conversations worth your hour.,34,,,,https://www.syedirfanajmal.com/podcast,,,,,,196578,30569,30569,4.5303258,,1902,484,3.929752066,83.37437736,Easy,6.0523214,1,0,,104,63,0,86.3,122,55,0,12,9,0,,,,,ec5c264f8caf9010887d77cd5ec5dd06,0.115,,,,,en,1.1,,,,,,https://www.syedirfanajmal.com/podcast,2026-06-26 0:33:39
https://www.syedirfanajmal.com/assets/testimonials/azzam-sheikh.jpeg,image/jpeg,200,OK,Indexable,,,0,0,,0,0,,0,,0,,0,,0,,0,,,,,,,,,,4529,4529,4529,0.6711978,,0,,,,,0,1,2,,0,0,0,0,0,0,0,0,0,0,,,,,,0.253,"Thu, 25 Jun 2026 18:50:09 GMT",,,,,1.1,,,,,,https://www.syedirfanajmal.com/assets/testimonials/azzam-sheikh.jpeg,2026-06-26 0:33:39
https://www.syedirfanajmal.com/_next/static/chunks/02l2d.tdvx21k.js,application/javascript; charset=utf-8,200,OK,Indexable,,,0,0,,0,0,,0,,0,,0,,0,,0,,,,,,,,,,0,0,0,0,,0,,,,,0,2,3,,0,0,0,0,0,0,0,0,0,0,,,,,,0.084,"Thu, 25 Jun 2026 19:17:44 GMT",,,,,1.1,,,,,,https://www.syedirfanajmal.com/_next/static/chunks/02l2d.tdvx21k.js,2026-06-26 0:33:39
https://www.syedirfanajmal.com/podcast/automated-outreach-insights,text/html; charset=utf-8,200,OK,Indexable,,Automated Outreach: Why I (Kind of) Changed My Mind · The SIA Business Podcast · Syed Irfan Ajmal,97,899,Why a previous stance on automated outreach needed revising.,60,392,,0,Automated Outreach: Why I (Kind of) Changed My Mind,51,,0,,0,,0,,,,,,,,,,101589,23216,23216,3.4406112,,2870,341,8.416422287,89.10821988,Easy,15.708763,2,1,,4,3,0,4.11,41,19,0,8,8,0,,,,,f44930de3441f01e410fe23f4ae9cbbd,0.103,,,,,en,1.1,,,,,,https://www.syedirfanajmal.com/podcast/automated-outreach-insights,2026-06-26 0:33:39
https://www.syedirfanajmal.com/podcast/guest-post-pitch-tear-down-11-mistakes,text/html; charset=utf-8,200,OK,Indexable,,Guest Post Pitch Tear Down: Avoid These 11 Mistakes Like the Plague · The SIA Business Podcast · Syed Irfan Ajmal,113,1035,A real guest post pitch received at the agency gets a full tear-down. Eleven specific mistakes are highlighted — the kind that get pitches ignored or rejected immediately.,171,1026,,0,Guest Post Pitch Tear Down: Avoid These 11 Mistakes Like the Plague,67,,0,,0,,0,,,,,,,,,,98701,22199,22199,3.2898918,,2846,248,11.47580645,91.17602342,Very Easy,15.026296,2,1,,3,2,0,2.74,40,18,0,7,7,0,,,,,37f25e22ebc54635f782bc81e1f71f42,0.257,,,,,en,1.1,,,,,,https://www.syedirfanajmal.com/podcast/guest-post-pitch-tear-down-11-mistakes,2026-06-26 0:33:39
https://www.syedirfanajmal.com/podcast/standing-out-hack-s02e07,text/html; charset=utf-8,200,OK,Indexable,,Standing Out in the Crowd With This Simple Hack I'd Used in Denmark · The SIA Business Podcast · Syed Irfan Ajmal,113,1028,A simple but counterintuitive hack for standing out.,52,316,,0,Standing Out in the Crowd With This Simple Hack I'd Used in Denmark,67,,0,,0,,0,,,,,,,,,,100809,23398,23398,3.4675836,,2851,329,8.665653495,88.69141361,Easy,15.2974615,2,1,,4,3,0,4.11,41,19,0,8,8,0,,,,,f89916cbbdef9130ba426296274396bd,0.288,,,,,en,1.1,,,,,,https://www.syedirfanajmal.com/podcast/standing-out-hack-s02e07,2026-06-26 0:33:39
https://www.syedirfanajmal.com/podcast/liam-martin-productivity-remote-employee-management-fighting-distraction-economy-s01e02,text/html; charset=utf-8,200,OK,Indexable,,Liam Martin on Productivity & Remote Management · The SIA Business Podcast · Syed Irfan Ajmal,93,870,"Liam Martin, co-founder of Time Doctor and one of the world's foremost experts on remote work, on productivity systems, managing distributed teams, and fighting the distraction economy.",185,1164,,0,Liam Martin on Productivity & Remote Management,47,,0,,0,,0,,,,,,,,,,165478,46182,46182,6.8441724,,8092,1260,6.422222222,89.39133322,Easy,27.145203,2,1,,5,3,0,4.11,41,19,0,8,8,0,,,,,9468c4d816451a2f81d22679804a004f,0.114,,,,,en,1.1,,,,,,https://www.syedirfanajmal.com/podcast/liam-martin-productivity-remote-employee-management-fighting-distraction-economy-s01e02,2026-06-26 0:33:39
https://www.syedirfanajmal.com/podcast/newsjacking-s02e04,text/html; charset=utf-8,200,OK,Indexable,,Leveraging Newsjacking for Content Promotion · The SIA Business Podcast · Syed Irfan Ajmal,90,830,How to leverage breaking news and trending stories for content promotion.,73,464,,0,Leveraging Newsjacking for Content Promotion,44,,0,,0,,0,,,,,,,,,,103739,24023,24023,3.5602086,,3039,359,8.465181058,84.0787741,Easy,16.55271,2,1,,4,3,0,4.11,41,19,0,8,8,0,,,,,f1a70284cebaf1323f5c2add825eb9dd,0.138,,,,,en,1.1,,,,,,https://www.syedirfanajmal.com/podcast/newsjacking-s02e04,2026-06-26 0:33:39
https://www.syedirfanajmal.com/podcast/lead-scraping-ahrefs-competitor-spying,text/html; charset=utf-8,200,OK,Indexable,,Lead Scraping With Ahrefs — Operation: Competitor Spying · The SIA Business Podcast · Syed Irfan Ajmal,102,934,"Your online visibility can be boosted at significantly lower costs with SEO. And SEO depends heavily on backlinks. This episode covers Operation Competitor Spying — using Ahrefs to find which sites have granted your competitors backlinks, and how to filter those leads to only target sites that will actually boost your search engine rankings.",343,2088,,0,Lead Scraping With Ahrefs — Operation: Competitor Spying,56,,0,,0,,0,,,,,,,,,,91222,18586,18586,2.7544452,,1750,194,9.020618557,92.24330074,Very Easy,10.755702,2,1,,4,3,0,4.11,41,19,0,7,7,0,,,,,f1101db01956d8860efa6a35f7011439,0.109,,,,,en,1.1,,,,,,https://www.syedirfanajmal.com/podcast/lead-scraping-ahrefs-competitor-spying,2026-06-26 0:33:40
https://www.syedirfanajmal.com/podcast/quantifying-backlinks-quality-bare-minimum,text/html; charset=utf-8,200,OK,Indexable,,Quantifying Backlinks Quality — The Bare Minimum · The SIA Business Podcast · Syed Irfan Ajmal,94,862,"How to quantify backlink quality in a way that properly rewards higher-DR links. Since DR operates on a logarithmic scale, a linear points system undervalues high-authority links. This episode shares a scoring sheet to assign and track goals for your outreach team members more accurately.",289,1783,,0,Quantifying Backlinks Quality — The Bare Minimum,48,,0,,0,,0,,,,,,,,,,90125,18510,18510,2.743182,,1729,172,10.05232558,97.25502429,Very Easy,10.540835,2,1,,4,3,0,4.11,41,19,0,7,7,0,,,,,db303e67efbbbe0c7862d5ead88c8546,0.108,,,,,en,1.1,,,,,,https://www.syedirfanajmal.com/podcast/quantifying-backlinks-quality-bare-minimum,2026-06-26 0:33:40
https://www.syedirfanajmal.com/podcast/finding-no-follow-links-two-methods,text/html; charset=utf-8,200,OK,Indexable,,Two Methods for Finding No-Follow Links — And Why One of Them Isn't Too Good · The SIA Business Podcast · Syed Irfan Ajmal,122,1132,"Two methods for checking whether the backlinks you've earned are do-follow or the less-desirable no-follow, UGC, or sponsored links — and why one of those methods has a significant flaw.",186,1161,,0,Two Methods for Finding No-Follow Links — And Why One of Them Isn't Too Good,76,,0,,0,,0,,,,,,,,,,93026,19487,19487,2.8879734,,2083,196,10.62755102,93.53704196,Very Easy,11.993576,2,1,,4,3,0,4.11,41,19,0,7,7,0,,,,,f5b3c4a9f9a5feaa18814337c10257e4,0.105,,,,,en,1.1,,,,,,https://www.syedirfanajmal.com/podcast/finding-no-follow-links-two-methods,2026-06-26 0:33:40
https://www.syedirfanajmal.com/podcast/reviewing-seo-kpis-target-websites,text/html; charset=utf-8,200,OK,Indexable,,Reviewing SEO KPIs of Target Websites · The SIA Business Podcast · Syed Irfan Ajmal,83,762,"When earning backlinks, you need to evaluate target websites carefully. This episode covers the six key SEO KPIs to review before pursuing a link — to boost your website's authority rather than accidentally harm it.",215,1307,,0,Reviewing SEO KPIs of Target Websites,37,,0,,0,,0,,,,,,,,,,83327,16141,16141,2.3920962,,1140,127,8.976377953,93.97766059,Very Easy,7.8652225,2,1,,4,3,0,4.11,41,19,0,7,7,0,,,,,ba028df264b07a69c4f087d5c7bb0335,0.105,,,,,en,1.1,,,,,,https://www.syedirfanajmal.com/podcast/reviewing-seo-kpis-target-websites,2026-06-26 0:33:40
https://www.syedirfanajmal.com/podcast/remote-work-productivity-tools,text/html; charset=utf-8,200,OK,Indexable,,Remote Work Productivity: Our Top 7 Tools · The SIA Business Podcast · Syed Irfan Ajmal,87,791,The seven productivity tools that proved their worth in a fully remote team.,76,459,,0,Remote Work Productivity: Our Top 7 Tools,41,,0,,0,,0,,,,,,,,,,114901,28349,28349,4.2013218,,4303,394,10.9213198,91.7840691,Very Easy,19.552103,2,1,,4,3,0,4.11,41,19,0,8,8,0,,,,,6c79d61cdb7f24e6e7a4f4dc037d6b60,0.118,,,,,en,1.1,,,,,,https://www.syedirfanajmal.com/podcast/remote-work-productivity-tools,2026-06-26 0:33:40
https://www.syedirfanajmal.com/podcast/ash-ali-hasan-kubba,text/html; charset=utf-8,200,OK,Indexable,,Finding Your Unfair Advantage With Ash Ali & Hasan Kubba · The SIA Business Podcast · Syed Irfan Ajmal,102,933,Ash Ali and Hasan Kubba on the idea that every founder has a built-in advantage.,80,501,,0,Finding Your Unfair Advantage With Ash Ali & Hasan Kubba,56,,0,,0,,0,,,,,,,,,,209895,60379,60379,8.9481678,,12316,1612,7.640198511,85.85660319,Easy,32.224907,2,1,,5,3,0,4.11,41,19,0,8,8,0,,,,,138f12d53c7dc21637f23a0d7c46eb44,0.109,,,,,en,1.1,,,,,,https://www.syedirfanajmal.com/podcast/ash-ali-hasan-kubba,2026-06-26 0:33:40
https://www.syedirfanajmal.com/podcast/melanie-marten-public-relations,text/html; charset=utf-8,200,OK,Indexable,,Melanie Martin on a $2.3 Million ROI PR Campaign · The SIA Business Podcast · Syed Irfan Ajmal,94,854,The single most-listened episode of the show. Melanie Martin walks through a public relations campaign that returned $2.3 million in measurable ROI.,148,919,,0,Melanie Martin on a $2.3 Million ROI PR Campaign,48,,0,,0,,0,,,,,,,,,,174628,48704,48704,7.2179328,,8807,1384,6.363439306,85.5748601,Easy,28.601917,2,1,,6,3,0,4.11,41,19,0,8,8,0,,,,,18896b842bcb166c5795f1f1906dc3f5,0.127,,,,,en,1.1,,,,,,https://www.syedirfanajmal.com/podcast/melanie-marten-public-relations,2026-06-26 0:33:40
https://www.syedirfanajmal.com/podcast/ron-carucci-power-leadership,text/html; charset=utf-8,200,OK,Indexable,,"Ron Carucci on Power, Leadership, and Persuasion · The SIA Business Podcast · Syed Irfan Ajmal",94,858,"Ron Carucci on the dynamics of power inside organisations, what real leadership looks like under pressure, and how to persuade without manipulation.",148,929,,0,"Ron Carucci on Power, Leadership, and Persuasion",48,,0,,0,,0,,,,,,,,,,161849,44695,44695,6.623799,,7699,1212,6.352310231,86.04169788,Easy,27.095198,2,1,,5,3,0,4.11,41,19,0,8,8,0,,,,,f72e5e01f8123a901e7b8ce4ce266a49,0.272,,,,,en,1.1,,,,,,https://www.syedirfanajmal.com/podcast/ron-carucci-power-leadership,2026-06-26 0:33:40
https://www.syedirfanajmal.com/podcast/negating-conventional-wisdom-massive-success,text/html; charset=utf-8,200,OK,Indexable,,How Negating Conventional Wisdom Led Me to Massive Success · The SIA Business Podcast · Syed Irfan Ajmal,104,986,How deliberately going against received wisdom in marketing and business led to the biggest wins.,97,607,,0,How Negating Conventional Wisdom Led Me to Massive Success,58,,0,,0,,0,,,,,,,,,,89389,19175,19175,2.841735,,1703,255,6.678431373,94.14494178,Very Easy,10.809204,2,1,,4,3,0,4.11,41,19,0,8,8,0,,,,,357cbb00526e155ee65b207045ca1e39,0.28,,,,,en,1.1,,,,,,https://www.syedirfanajmal.com/podcast/negating-conventional-wisdom-massive-success,2026-06-26 0:33:40
https://www.syedirfanajmal.com/podcast/agency-3-step-client-onboarding-process,text/html; charset=utf-8,200,OK,Indexable,,Our Agency's 3-Step Client Onboarding Process · The SIA Business Podcast · Syed Irfan Ajmal,91,828,A walkthrough of the 3-step client onboarding process used at DMR Agency — from proposal to kickoff.,100,636,,0,Our Agency's 3-Step Client Onboarding Process,45,,0,,0,,0,,,,,,,,,,90259,19571,19571,2.9004222,,2156,196,11,96.11981447,Very Easy,12.719298,2,1,,4,3,0,4.11,41,19,0,6,6,0,,,,,5a25ed47433fbeb66c5e355279aeefb4,0.11,,,,,en,1.1,,,,,,https://www.syedirfanajmal.com/podcast/agency-3-step-client-onboarding-process,2026-06-26 0:33:40
https://www.syedirfanajmal.com/podcast/mistakes-of-speaking-career-s02e02,text/html; charset=utf-8,200,OK,Indexable,,Top 3 Mistakes of My ~6 Year Speaking Career · The SIA Business Podcast · Syed Irfan Ajmal,90,826,An honest post-mortem on six years of speaking engagements.,59,390,,0,Top 3 Mistakes of My ~6 Year Speaking Career,44,,0,,0,,0,,,,,,,,,,96377,21475,21475,3.182595,,2308,322,7.167701863,86.99193166,Easy,13.838106,2,1,,4,3,0,4.11,41,19,0,8,8,0,,,,,185a3fe81cbd06de1ff8d74c02f8d401,0.117,,,,,en,1.1,,,,,,https://www.syedirfanajmal.com/podcast/mistakes-of-speaking-career-s02e02,2026-06-26 0:33:40
https://www.syedirfanajmal.com/podcast/boomerang-review-email-pitching-tool,text/html; charset=utf-8,200,OK,Indexable,,Boomerang Review — Our Agency's Favourite Tool for Pitching and Email Management · The SIA Business Podcast · Syed Irfan Ajmal,126,1179,"A review of Boomerang for Gmail — the agency's favourite tool for managing pitch follow-ups, scheduling emails, and staying on top of outreach campaigns.",153,962,,0,Boomerang Review — Our Agency's Favourite Tool for Pitching and Email Management,80,,0,,0,,0,,,,,,,,,,98844,22274,22274,3.3010068,,2677,239,11.20083682,90.04007666,Very Easy,14.310927,2,1,,4,3,0,4.11,41,19,0,7,7,0,,,,,2b50f81b05217a7ba482cf0b0da8cdef,0.108,,,,,en,1.1,,,,,,https://www.syedirfanajmal.com/podcast/boomerang-review-email-pitching-tool,2026-06-26 0:33:40
https://www.syedirfanajmal.com/podcast/top-3-seo-myths-sia-s01e05,text/html; charset=utf-8,200,OK,Indexable,,SEO Myths · The SIA Business Podcast · Syed Irfan Ajmal,55,504,A solo episode debunking the three most persistent SEO myths that waste marketer time and budget — and what the data actually shows.,132,850,,0,SEO Myths,9,,0,,0,,0,,,,,,,,,,95697,21129,21129,3.1313178,,2252,290,7.765517241,85.68967851,Easy,13.606183,2,1,,4,3,0,4.11,41,19,0,8,8,0,,,,,9f2f9bcb4e2d7c6de7fe01f5b0b08835,0.113,,,,,en,1.1,,,,,,https://www.syedirfanajmal.com/podcast/top-3-seo-myths-sia-s01e05,2026-06-26 0:33:40
https://www.syedirfanajmal.com/podcast/recap-and-intro-s02e01,text/html; charset=utf-8,200,OK,Indexable,,Recap of Season 1 + Introduction of Season 2 · The SIA Business Podcast · Syed Irfan Ajmal,90,811,A recap of the first season's key lessons and an introduction to the themes and guests lined up for Season 2.,109,666,,0,Recap of Season 1 + Introduction of Season 2,44,,0,,0,,0,,,,,,,,,,94139,20649,20649,3.0601818,,2117,294,7.200680272,89.19064585,Easy,12.848686,2,1,,4,3,0,4.11,41,19,0,8,8,0,,,,,bf94fbcb1306f621aa4eff8fec67262a,0.121,,,,,en,1.1,,,,,,https://www.syedirfanajmal.com/podcast/recap-and-intro-s02e01,2026-06-26 0:33:41
https://www.syedirfanajmal.com/podcast/faisal-khan-interview,text/html; charset=utf-8,200,OK,Indexable,,"Faisal Khan on Remote Team Management, Inbound Leads, Working Smarter · The SIA Business Podcast · Syed Irfan Ajmal",115,1094,"Faisal Khan on managing geographically distributed teams, generating inbound leads without paid ads, and the habits that make remote work sustainable.",150,955,,0,"Faisal Khan on Remote Team Management, Inbound Leads, Working Smarter",69,,0,,0,,0,,,,,,,,,,158020,43773,43773,6.4871586,,7993,694,11.51729107,90.54069585,Very Easy,26.49819,2,1,,4,3,0,4.11,41,19,0,8,8,0,,,,,b3ee56b3059dd3df257d0871e2956e5e,0.116,,,,,en,1.1,,,,,,https://www.syedirfanajmal.com/podcast/faisal-khan-interview,2026-06-26 0:33:41
https://www.syedirfanajmal.com/podcast/fighting-corona-recession-our-plan,text/html; charset=utf-8,200,OK,Indexable,,Fighting the Corona Recession: Our 7-Pronged Business Plan · The SIA Business Podcast · Syed Irfan Ajmal,104,948,A real-time look at the 7-pronged business plan put together in March 2020 as the pandemic hit.,95,589,,0,Fighting the Corona Recession: Our 7-Pronged Business Plan,58,,0,,0,,0,,,,,,,,,,122006,30273,30273,4.4864586,,4965,418,11.87799043,91.86161917,Very Easy,21.33469,2,1,,4,3,0,4.11,41,19,0,8,7,0,,,,,96b333b1e41c122e929131c217f88492,0.108,,,,,en,1.1,,,,,,https://www.syedirfanajmal.com/podcast/fighting-corona-recession-our-plan,2026-06-26 0:33:41
https://www.syedirfanajmal.com/podcast/brendon-burchard-high-performance-planner,text/html; charset=utf-8,200,OK,Indexable,,Brendon Burchard's High Performance Planner — My 1 Year Experience · The SIA Business Podcast · Syed Irfan Ajmal,112,1039,"A personal review after one year of using Brendon Burchard's High Performance Planner. Covers what the planner is, why it stands out over other journals, its limitations, and why you should read High Performance Habits first before starting it.",244,1495,,0,Brendon Burchard's High Performance Planner — My 1 Year Experience,66,,0,,0,,0,,,,,,,,,,107711,24975,24975,3.701295,,3298,449,7.345211581,93.30896137,Very Easy,16.89956,2,1,,4,3,0,4.11,41,19,0,7,7,0,,,,,c146f21ef86f442a32023a30c4cf73a1,0.119,,,,,en,1.1,,,,,,https://www.syedirfanajmal.com/podcast/brendon-burchard-high-performance-planner,2026-06-26 0:33:41
https://www.syedirfanajmal.com/podcast/2-game-changing-productivity-hacks-2018,text/html; charset=utf-8,200,OK,Indexable,,My Productivity Hacks of 2018 · The SIA Business Podcast · Syed Irfan Ajmal,75,677,Two productivity systems that survived the year intact.,55,339,,0,My Productivity Hacks of 2018,29,,0,,0,,0,,,,,,,,,,83050,16757,16757,2.4833874,,1105,175,6.314285714,83.82346606,Easy,8.281123,2,1,,4,3,0,4.11,41,19,0,8,8,0,,,,,68e0a34395830110692e78dbe320e0a5,0.106,,,,,en,1.1,,,,,,https://www.syedirfanajmal.com/podcast/2-game-changing-productivity-hacks-2018,2026-06-26 0:33:41
https://www.syedirfanajmal.com/podcast/greg-heilers-interview,text/html; charset=utf-8,200,OK,Indexable,,"Discussing HARO Outreach, SEO Agency Business, and Backlinks Management with Greg Heilers · The SIA Business Podcast · Syed Irfan Ajmal",135,1264,Greg Heilers on the business of HARO outreach at scale.,55,346,,0,"Discussing HARO Outreach, SEO Agency Business, and Backlinks Management with Greg Heilers",89,,0,,0,,0,,,,,,,,,,197597,56861,56861,8.4268002,,12085,975,12.39487179,91.73314596,Very Easy,31.04685,2,1,,4,3,0,4.11,41,19,0,8,8,0,,,,,727466c451114d21027f5fc1fe06bbde,0.107,,,,,en,1.1,,,,,,https://www.syedirfanajmal.com/podcast/greg-heilers-interview,2026-06-26 0:33:41
https://www.syedirfanajmal.com/podcast/seo-backlinks-type3,text/html; charset=utf-8,200,OK,Indexable,,#SEObacklinks Tutorial — Type 3 Backlinks · The SIA Business Podcast · Syed Irfan Ajmal,87,788,Part 3 of the #SEObacklinks tutorial series: Type 3 backlinks.,62,372,,0,#SEObacklinks Tutorial — Type 3 Backlinks,41,,0,,0,,0,,,,,,,,,,83042,16348,16348,2.4227736,,1138,137,8.306569343,87.71015901,Easy,8.316528,2,1,,4,3,0,4.11,41,19,0,8,8,0,,,,,4bc6bab2cc0eb98cf55acd2e24f6d535,0.119,,,,,en,1.1,,,,,,https://www.syedirfanajmal.com/podcast/seo-backlinks-type3,2026-06-26 0:33:41
https://www.syedirfanajmal.com/_next/static/chunks/037.hg076x_sy.js,application/javascript; charset=utf-8,200,OK,Indexable,,,0,0,,0,0,,0,,0,,0,,0,,0,,,,,,,,,,0,0,0,0,,0,,,,,0,2,3,,0,0,0,0,0,0,0,0,0,0,,,,,,0.132,"Thu, 25 Jun 2026 19:20:02 GMT",,,,,1.1,,,,,,https://www.syedirfanajmal.com/_next/static/chunks/037.hg076x_sy.js,2026-06-26 0:33:41
https://www.syedirfanajmal.com/podcast/seo-backlinks-type2,text/html; charset=utf-8,200,OK,Indexable,,#SEObacklinks Tutorial — Type 2 Backlinks · The SIA Business Podcast · Syed Irfan Ajmal,87,788,Part 2 of the #SEObacklinks tutorial series: Type 2 backlinks.,62,372,,0,#SEObacklinks Tutorial — Type 2 Backlinks,41,,0,,0,,0,,,,,,,,,,82369,15903,15903,2.3568246,,1131,133,8.503759398,95.35222532,Very Easy,7.9670796,2,1,,4,3,0,4.11,41,19,0,8,8,0,,,,,4d66e5cc2594957d9fc5b438bf818f40,0.114,,,,,en,1.1,,,,,,https://www.syedirfanajmal.com/podcast/seo-backlinks-type2,2026-06-26 0:33:41
https://www.syedirfanajmal.com/podcast/elvin-zhang-startups-sia-s01e04,text/html; charset=utf-8,200,OK,Indexable,,Elvin Zhang on Startups · The SIA Business Podcast · Syed Irfan Ajmal,69,619,"Elvin Zhang on the realities of building a startup: what works, what doesn't, and what founders consistently get wrong in the early stages.",139,845,,0,Elvin Zhang on Startups,23,,0,,0,,0,,,,,,,,,,97355,22117,22117,3.2777394,,2136,357,5.983193277,87.88284534,Easy,12.810215,2,1,,4,3,0,4.11,41,19,0,8,8,0,,,,,2e74867dec81263bb8d75ed501d18f01,0.115,,,,,en,1.1,,,,,,https://www.syedirfanajmal.com/podcast/elvin-zhang-startups-sia-s01e04,2026-06-26 0:33:42
https://www.syedirfanajmal.com/podcast/seo-backlinks-tutorial,text/html; charset=utf-8,200,OK,Indexable,,#SEObacklinks Tutorial — Type 1 Backlinks · The SIA Business Podcast · Syed Irfan Ajmal,87,788,Part 1 of the #SEObacklinks tutorial series: Type 1 backlinks.,62,372,,0,#SEObacklinks Tutorial — Type 1 Backlinks,41,,0,,0,,0,,,,,,,,,,82180,16077,16077,2.3826114,,1084,131,8.27480916,91.04713881,Very Easy,7.854119,2,1,,4,3,0,4.11,41,19,0,8,7,0,,,,,31b46bf4f392dc839e152e0cae6d029a,0.116,,,,,en,1.1,,,,,,https://www.syedirfanajmal.com/podcast/seo-backlinks-tutorial,2026-06-26 0:33:42
https://www.syedirfanajmal.com/podcast/creating-links-vs-earning-links,text/html; charset=utf-8,200,OK,Indexable,,The Difference Between Creating Links vs Earning Links · The SIA Business Podcast · Syed Irfan Ajmal,100,905,"Building backlinks is an old, archaic, low-quality method. Earning backlinks — contextual, from relevant websites — is a more complicated but far more beneficial process for boosting SEO authority, getting free traffic, and conquering the SERPs.",245,1494,,0,The Difference Between Creating Links vs Earning Links,54,,0,,0,,0,,,,,,,,,,82214,15536,15536,2.3024352,,949,111,8.54954955,91.71632206,Very Easy,7.02253,2,1,,4,3,0,4.11,41,19,0,7,7,0,,,,,df76a232b5d7533f6ccf505f4c9a00b4,0.113,,,,,en,1.1,,,,,,https://www.syedirfanajmal.com/podcast/creating-links-vs-earning-links,2026-06-26 0:33:42
https://www.syedirfanajmal.com/podcast/lisa-zahran-copywriting-sia-01e03,text/html; charset=utf-8,200,OK,Indexable,,Lisa Zahran on Copywriting · The SIA Business Podcast · Syed Irfan Ajmal,72,650,"Lisa Zahran on the craft of copywriting: how to write copy that converts, the mistakes most brands make, and what separates words that sell from words that don't.",162,1013,,0,Lisa Zahran on Copywriting,26,,0,,0,,0,,,,,,,,,,131142,34087,34087,5.0516934,,4985,773,6.448900388,83.66525377,Easy,22.013218,2,1,,4,3,0,4.11,41,19,0,8,8,0,,,,,414d7e3f617ae8be22eb44206977fefd,0.116,,,,,en,1.1,,,,,,https://www.syedirfanajmal.com/podcast/lisa-zahran-copywriting-sia-01e03,2026-06-26 0:33:42
https://www.syedirfanajmal.com/podcast/seo-project-management,text/html; charset=utf-8,200,OK,Indexable,,SEO Outreach Project Management Made Easy · The SIA Business Podcast · Syed Irfan Ajmal,87,826,How to manage SEO outreach campaigns without losing track.,58,389,,0,SEO Outreach Project Management Made Easy,41,,0,,0,,0,,,,,,,,,,83362,16651,16651,2.4676782,,1213,128,9.4765625,92.94835831,Very Easy,8.477715,2,1,,4,3,0,4.11,41,19,0,8,8,0,,,,,403c3aba9fa582593216c48ee71682a4,0.11,,,,,en,1.1,,,,,,https://www.syedirfanajmal.com/podcast/seo-project-management,2026-06-26 0:33:42
https://www.syedirfanajmal.com/podcast/haro-outreach-twist-for-better-backlinks,text/html; charset=utf-8,200,OK,Indexable,,Unique Twist to HARO Outreach for IMPROVED Backlinks · The SIA Business Podcast · Syed Irfan Ajmal,98,914,A unique twist on the standard HARO outreach approach that significantly improves both response rates and the quality of links earned.,134,839,,0,Unique Twist to HARO Outreach for IMPROVED Backlinks,52,,0,,0,,0,,,,,,,,,,85807,17143,17143,2.5405926,,1334,190,7.021052632,89.48764207,Easy,9.204747,2,1,,4,3,0,4.11,41,19,0,8,8,0,,,,,40d2ea40e9610712b61c6bdfcb6c105e,0.12,,,,,en,1.1,,,,,,https://www.syedirfanajmal.com/podcast/haro-outreach-twist-for-better-backlinks,2026-06-26 0:33:42
https://www.syedirfanajmal.com/podcast/publicity-backlinks-haro-s01e06,text/html; charset=utf-8,200,OK,Indexable,,Publicity & Backlinks Using HARO · The SIA Business Podcast · Syed Irfan Ajmal,78,703,How to use Help a Reporter Out (HARO) to earn media coverage and quality backlinks at the same time.,100,637,,0,Publicity & Backlinks Using HARO,32,,0,,0,,0,,,,,,,,,,91180,19583,19583,2.9022006,,1831,266,6.883458647,87.61814201,Easy,11.800785,2,1,,4,3,0,4.11,41,19,0,8,8,0,,,,,7edb774db9640a6dd5f6959361d86da8,0.137,,,,,en,1.1,,,,,,https://www.syedirfanajmal.com/podcast/publicity-backlinks-haro-s01e06,2026-06-26 0:33:42
https://www.syedirfanajmal.com/podcast/jason-forrest,text/html; charset=utf-8,200,OK,Indexable,,Unleashing Your Inner Sales Warrior With Jason Forrest · The SIA Business Podcast · Syed Irfan Ajmal,100,902,Jason Forrest on the psychology of high-performance selling.,60,379,,0,Unleashing Your Inner Sales Warrior With Jason Forrest,54,,0,,0,,0,,,,,,,,,,205410,57848,57848,8.5730736,,12010,1494,8.038821954,86.9486515,Easy,31.93152,2,1,,5,3,0,4.11,41,19,0,8,8,0,,,,,640ec2b4cf47e3a7b99f809ec41b1394,0.121,,,,,en,1.1,,,,,,https://www.syedirfanajmal.com/podcast/jason-forrest,2026-06-26 0:33:42
https://www.syedirfanajmal.com/podcast/peter-gould-s01e01,text/html; charset=utf-8,200,OK,Indexable,,Peter Gould on Branding · The SIA Business Podcast · Syed Irfan Ajmal,69,625,Peter Gould — founder of Adventures and one of the most in-demand brand designers working with purpose-driven organisations — on the principles behind building a brand that means something.,189,1209,,0,Peter Gould on Branding,23,,0,,0,,0,,,,,,,,,,159265,44791,44791,6.6380262,,8213,1028,7.989299611,85.73701394,Easy,27.578312,2,1,,4,2,0,2.74,40,18,0,7,7,0,,,,,25242dd2a6df3ddc88a786d92b645adb,0.111,,,,,en,1.1,,,,,,https://www.syedirfanajmal.com/podcast/peter-gould-s01e01,2026-06-26 0:33:42
https://www.syedirfanajmal.com/assets/personal/Irfan_Copenhagen_Beach.JPG,image/jpeg,200,OK,Indexable,,,0,0,,0,0,,0,,0,,0,,0,,0,,,,,,,,,,83459,83459,83459,12.3686238,,0,,,,,0,2,2,,0,0,0,0,0,0,0,0,0,0,,,,,,0.085,"Thu, 25 Jun 2026 19:19:57 GMT",,,,,1.1,,,,,,https://www.syedirfanajmal.com/assets/personal/Irfan_Copenhagen_Beach.JPG,2026-06-26 0:33:42
https://www.syedirfanajmal.com/assets/personal/sweden-audience.jpg,image/jpeg,200,OK,Indexable,,,0,0,,0,0,,0,,0,,0,,0,,0,,,,,,,,,,92582,92582,92582,13.7206524,,0,,,,,0,2,2,,0,0,0,0,0,0,0,0,0,0,,,,,,0.1,"Thu, 25 Jun 2026 19:20:04 GMT",,,,,1.1,,,,,,https://www.syedirfanajmal.com/assets/personal/sweden-audience.jpg,2026-06-26 0:33:43
https://www.syedirfanajmal.com/assets/personal/irfan_tophane_amiri.jpg,image/jpeg,200,OK,Indexable,,,0,0,,0,0,,0,,0,,0,,0,,0,,,,,,,,,,374733,374733,374733,55.5354306,,0,,,,,0,2,2,,0,0,0,0,0,0,0,0,0,0,,,,,,0.097,"Thu, 25 Jun 2026 19:20:05 GMT",,,,,1.1,,,,,,https://www.syedirfanajmal.com/assets/personal/irfan_tophane_amiri.jpg,2026-06-26 0:33:43
https://www.syedirfanajmal.com/assets/personal/sfo-2022.jpg,image/jpeg,200,OK,Indexable,,,0,0,,0,0,,0,,0,,0,,0,,0,,,,,,,,,,148911,148911,148911,22.0686102,,0,,,,,0,2,2,,0,0,0,0,0,0,0,0,0,0,,,,,,0.092,"Thu, 25 Jun 2026 19:20:05 GMT",,,,,1.1,,,,,,https://www.syedirfanajmal.com/assets/personal/sfo-2022.jpg,2026-06-26 0:33:43
https://www.syedirfanajmal.com/assets/personal/sweden-malardalen.jpg,image/jpeg,200,OK,Indexable,,,0,0,,0,0,,0,,0,,0,,0,,0,,,,,,,,,,91665,91665,91665,13.584753,,0,,,,,0,2,2,,0,0,0,0,0,0,0,0,0,0,,,,,,0.257,"Thu, 25 Jun 2026 19:20:05 GMT",,,,,1.1,,,,,,https://www.syedirfanajmal.com/assets/personal/sweden-malardalen.jpg,2026-06-26 0:33:43
https://www.syedirfanajmal.com/assets/personal/forbes-me-print.jpg,image/jpeg,200,OK,Indexable,,,0,0,,0,0,,0,,0,,0,,0,,0,,,,,,,,,,209738,209738,209738,31.0831716,,0,,,,,0,2,2,,0,0,0,0,0,0,0,0,0,0,,,,,,0.251,"Thu, 25 Jun 2026 18:50:09 GMT",,,,,1.1,,,,,,https://www.syedirfanajmal.com/assets/personal/forbes-me-print.jpg,2026-06-26 0:33:43
https://www.syedirfanajmal.com/assets/clients/automizy.png,image/png,200,OK,Indexable,,,0,0,,0,0,,0,,0,,0,,0,,0,,,,,,,,,,32328,32328,32328,4.7910096,,0,,,,,0,2,2,,0,0,0,0,0,0,0,0,0,0,,,,,,0.267,"Thu, 25 Jun 2026 19:19:56 GMT",,,,,1.1,,,,,,https://www.syedirfanajmal.com/assets/clients/automizy.png,2026-06-26 0:33:43
https://www.syedirfanajmal.com/assets/clients/physicians_thrive.png,image/png,200,OK,Indexable,,,0,0,,0,0,,0,,0,,0,,0,,0,,,,,,,,,,4700,4700,4700,0.69654,,0,,,,,0,2,2,,0,0,0,0,0,0,0,0,0,0,,,,,,0.256,"Thu, 25 Jun 2026 19:20:06 GMT",,,,,1.1,,,,,,https://www.syedirfanajmal.com/assets/clients/physicians_thrive.png,2026-06-26 0:33:43
https://www.syedirfanajmal.com/assets/clients/efani.png,image/png,200,OK,Indexable,,,0,0,,0,0,,0,,0,,0,,0,,0,,,,,,,,,,1126,1126,1126,0.1668732,,0,,,,,0,2,2,,0,0,0,0,0,0,0,0,0,0,,,,,,0.249,"Thu, 25 Jun 2026 19:20:05 GMT",,,,,1.1,,,,,,https://www.syedirfanajmal.com/assets/clients/efani.png,2026-06-26 0:33:43
https://www.syedirfanajmal.com/assets/clients/TBC.png,image/png,200,OK,Indexable,,,0,0,,0,0,,0,,0,,0,,0,,0,,,,,,,,,,6726,6726,6726,0.9967932,,0,,,,,0,2,2,,0,0,0,0,0,0,0,0,0,0,,,,,,0.248,"Thu, 25 Jun 2026 19:20:05 GMT",,,,,1.1,,,,,,https://www.syedirfanajmal.com/assets/clients/TBC.png,2026-06-26 0:33:43
https://www.syedirfanajmal.com/assets/clients/gigworker.png,image/png,200,OK,Indexable,,,0,0,,0,0,,0,,0,,0,,0,,0,,,,,,,,,,8431,8431,8431,1.2494742,,0,,,,,0,2,2,,0,0,0,0,0,0,0,0,0,0,,,,,,0.271,"Thu, 25 Jun 2026 19:20:05 GMT",,,,,1.1,,,,,,https://www.syedirfanajmal.com/assets/clients/gigworker.png,2026-06-26 0:33:43
https://www.syedirfanajmal.com/assets/clients/quran_academy.png,image/png,200,OK,Indexable,,,0,0,,0,0,,0,,0,,0,,0,,0,,,,,,,,,,645780,645780,645780,95.704596,,0,,,,,0,2,2,,0,0,0,0,0,0,0,0,0,0,,,,,,0.298,"Thu, 25 Jun 2026 19:20:06 GMT",,,,,1.1,,,,,,https://www.syedirfanajmal.com/assets/clients/quran_academy.png,2026-06-26 0:33:43
https://www.syedirfanajmal.com/assets/clients/dinar_standard.png,image/png,200,OK,Indexable,,,0,0,,0,0,,0,,0,,0,,0,,0,,,,,,,,,,4288,4288,4288,0.6354816,,0,,,,,0,2,2,,0,0,0,0,0,0,0,0,0,0,,,,,,0.265,"Thu, 25 Jun 2026 19:20:06 GMT",,,,,1.1,,,,,,https://www.syedirfanajmal.com/assets/clients/dinar_standard.png,2026-06-26 0:33:43
https://www.syedirfanajmal.com/assets/clients/link_caffeine.png,image/png,200,OK,Indexable,,,0,0,,0,0,,0,,0,,0,,0,,0,,,,,,,,,,2721,2721,2721,0.4032522,,0,,,,,0,2,2,,0,0,0,0,0,0,0,0,0,0,,,,,,0.247,"Thu, 25 Jun 2026 19:20:06 GMT",,,,,1.1,,,,,,https://www.syedirfanajmal.com/assets/clients/link_caffeine.png,2026-06-26 0:33:44
https://www.syedirfanajmal.com/assets/clients/amg.png,image/png,200,OK,Indexable,,,0,0,,0,0,,0,,0,,0,,0,,0,,,,,,,,,,3357,3357,3357,0.4975074,,0,,,,,0,2,2,,0,0,0,0,0,0,0,0,0,0,,,,,,0.26,"Thu, 25 Jun 2026 19:20:06 GMT",,,,,1.1,,,,,,https://www.syedirfanajmal.com/assets/clients/amg.png,2026-06-26 0:33:44
https://www.syedirfanajmal.com/assets/clients/qaleen.png,image/png,200,OK,Indexable,,,0,0,,0,0,,0,,0,,0,,0,,0,,,,,,,,,,35932,35932,35932,5.3251224,,0,,,,,0,2,2,,0,0,0,0,0,0,0,0,0,0,,,,,,0.272,"Thu, 25 Jun 2026 19:20:07 GMT",,,,,1.1,,,,,,https://www.syedirfanajmal.com/assets/clients/qaleen.png,2026-06-26 0:33:44
https://www.syedirfanajmal.com/assets/clients/international_insurance.png,image/png,200,OK,Indexable,,,0,0,,0,0,,0,,0,,0,,0,,0,,,,,,,,,,3269,3269,3269,0.4844658,,0,,,,,0,2,2,,0,0,0,0,0,0,0,0,0,0,,,,,,0.261,"Thu, 25 Jun 2026 19:20:07 GMT",,,,,1.1,,,,,,https://www.syedirfanajmal.com/assets/clients/international_insurance.png,2026-06-26 0:33:44
https://www.syedirfanajmal.com/assets/clients/tbps.png,image/png,200,OK,Indexable,,,0,0,,0,0,,0,,0,,0,,0,,0,,,,,,,,,,152485,152485,152485,22.598277,,0,,,,,0,2,2,,0,0,0,0,0,0,0,0,0,0,,,,,,0.251,"Thu, 25 Jun 2026 19:20:07 GMT",,,,,1.1,,,,,,https://www.syedirfanajmal.com/assets/clients/tbps.png,2026-06-26 0:33:44
https://www.syedirfanajmal.com/assets/clients/precision_brands.png,image/png,200,OK,Indexable,,,0,0,,0,0,,0,,0,,0,,0,,0,,,,,,,,,,5246,5246,5246,0.7774572,,0,,,,,0,2,2,,0,0,0,0,0,0,0,0,0,0,,,,,,0.249,"Thu, 25 Jun 2026 19:20:07 GMT",,,,,1.1,,,,,,https://www.syedirfanajmal.com/assets/clients/precision_brands.png,2026-06-26 0:33:44
https://www.syedirfanajmal.com/assets/clients/logo_design.png,image/png,200,OK,Indexable,,,0,0,,0,0,,0,,0,,0,,0,,0,,,,,,,,,,36952,36952,36952,5.4762864,,0,,,,,0,2,2,,0,0,0,0,0,0,0,0,0,0,,,,,,0.265,"Thu, 25 Jun 2026 19:20:07 GMT",,,,,1.1,,,,,,https://www.syedirfanajmal.com/assets/clients/logo_design.png,2026-06-26 0:33:44
https://www.syedirfanajmal.com/assets/clients/dunlop.png,image/png,200,OK,Indexable,,,0,0,,0,0,,0,,0,,0,,0,,0,,,,,,,,,,5409,5409,5409,0.8016138,,0,,,,,0,2,2,,0,0,0,0,0,0,0,0,0,0,,,,,,0.261,"Thu, 25 Jun 2026 19:20:07 GMT",,,,,1.1,,,,,,https://www.syedirfanajmal.com/assets/clients/dunlop.png,2026-06-26 0:33:44
https://www.syedirfanajmal.com/_next/static/chunks/0i024zrd83gba.js,application/javascript; charset=utf-8,200,OK,Indexable,,,0,0,,0,0,,0,,0,,0,,0,,0,,,,,,,,,,0,0,0,0,,0,,,,,0,2,3,,0,0,0,0,0,0,0,0,0,0,,,,,,0.278,"Thu, 25 Jun 2026 19:20:07 GMT",,,,,1.1,,,,,,https://www.syedirfanajmal.com/_next/static/chunks/0i024zrd83gba.js,2026-06-26 0:33:44
https://www.syedirfanajmal.com/_next/static/chunks/0kxj1li~kn6pg.js,application/javascript; charset=utf-8,200,OK,Indexable,,,0,0,,0,0,,0,,0,,0,,0,,0,,,,,,,,,,0,0,0,0,,0,,,,,0,2,3,,0,0,0,0,0,0,0,0,0,0,,,,,,0.291,"Thu, 25 Jun 2026 19:19:56 GMT",,,,,1.1,,,,,,https://www.syedirfanajmal.com/_next/static/chunks/0kxj1li~kn6pg.js,2026-06-26 0:33:44
https://www.syedirfanajmal.com/assets/testimonials/Azzam_Sheikh_NTA_Testimonial_LinkedIn.png,image/png,200,OK,Indexable,,,0,0,,0,0,,0,,0,,0,,0,,0,,,,,,,,,,1158506,1158506,1158506,171.6905892,,0,,,,,0,2,2,,0,0,0,0,0,0,0,0,0,0,,,,,,0.27,"Thu, 25 Jun 2026 19:20:08 GMT",,,,,1.1,,,,,,https://www.syedirfanajmal.com/assets/testimonials/Azzam_Sheikh_NTA_Testimonial_LinkedIn.png,2026-06-26 0:33:44
https://www.syedirfanajmal.com/_next/static/chunks/17g41m4058jaa.js,application/javascript; charset=utf-8,200,OK,Indexable,,,0,0,,0,0,,0,,0,,0,,0,,0,,,,,,,,,,0,0,0,0,,0,,,,,0,2,3,,0,0,0,0,0,0,0,0,0,0,,,,,,0.272,"Thu, 25 Jun 2026 19:17:44 GMT",,,,,1.1,,,,,,https://www.syedirfanajmal.com/_next/static/chunks/17g41m4058jaa.js,2026-06-26 0:33:44
https://www.syedirfanajmal.com/emos/apply/,text/html,308,Permanent Redirect,Non-Indexable,Redirected,,0,0,,0,0,,0,,0,,0,,0,,0,,,,,,,,,,0,0,0,0,,0,,,,,0,2,2,,4,1,0,1.37,0,0,0,0,0,0,,,,,,0.363,,https://www.syedirfanajmal.com/emos/apply,HTTP Redirect,,,1.1,,,,,,https://www.syedirfanajmal.com/emos/apply/,2026-06-26 0:33:45
https://www.syedirfanajmal.com/_next/static/chunks/0v0~3rz-1rl.c.js,application/javascript; charset=utf-8,200,OK,Indexable,,,0,0,,0,0,,0,,0,,0,,0,,0,,,,,,,,,,0,0,0,0,,0,,,,,0,2,3,,0,0,0,0,0,0,0,0,0,0,,,,,,0.356,"Thu, 25 Jun 2026 19:20:10 GMT",,,,,1.1,,,,,,https://www.syedirfanajmal.com/_next/static/chunks/0v0~3rz-1rl.c.js,2026-06-26 0:33:45
https://www.syedirfanajmal.com/assets/gallery/astrolabs-1.jpg,image/jpeg,200,OK,Indexable,,,0,0,,0,0,,0,,0,,0,,0,,0,,,,,,,,,,1212416,1212416,1212416,179.6800512,,0,,,,,0,2,2,,0,0,0,0,0,0,0,0,0,0,,,,,,0.302,"Thu, 25 Jun 2026 19:20:11 GMT",,,,,1.1,,,,,,https://www.syedirfanajmal.com/assets/gallery/astrolabs-1.jpg,2026-06-26 0:33:45
https://www.syedirfanajmal.com/assets/gallery/mps-banner.jpg,image/jpeg,200,OK,Indexable,,,0,0,,0,0,,0,,0,,0,,0,,0,,,,,,,,,,609098,609098,609098,90.2683236,,0,,,,,0,2,2,,0,0,0,0,0,0,0,0,0,0,,,,,,0.123,"Thu, 25 Jun 2026 19:20:12 GMT",,,,,1.1,,,,,,https://www.syedirfanajmal.com/assets/gallery/mps-banner.jpg,2026-06-26 0:33:46
https://www.syedirfanajmal.com/assets/gallery/dmss-group-pano.jpg,image/jpeg,200,OK,Indexable,,,0,0,,0,0,,0,,0,,0,,0,,0,,,,,,,,,,180193,180193,180193,26.7046026,,0,,,,,0,2,2,,0,0,0,0,0,0,0,0,0,0,,,,,,0.297,"Thu, 25 Jun 2026 19:20:11 GMT",,,,,1.1,,,,,,https://www.syedirfanajmal.com/assets/gallery/dmss-group-pano.jpg,2026-06-26 0:33:46
https://www.syedirfanajmal.com/assets/gallery/wall-climbing-malaysia-2.jpg,image/jpeg,200,OK,Indexable,,,0,0,,0,0,,0,,0,,0,,0,,0,,,,,,,,,,273125,273125,273125,40.477125,,0,,,,,0,2,2,,0,0,0,0,0,0,0,0,0,0,,,,,,0.288,"Thu, 25 Jun 2026 19:20:11 GMT",,,,,1.1,,,,,,https://www.syedirfanajmal.com/assets/gallery/wall-climbing-malaysia-2.jpg,2026-06-26 0:33:46
https://www.syedirfanajmal.com/assets/gallery/bali-galleria.jpg,image/jpeg,200,OK,Indexable,,,0,0,,0,0,,0,,0,,0,,0,,0,,,,,,,,,,140337,140337,140337,20.7979434,,0,,,,,0,2,2,,0,0,0,0,0,0,0,0,0,0,,,,,,0.293,"Thu, 25 Jun 2026 19:20:12 GMT",,,,,1.1,,,,,,https://www.syedirfanajmal.com/assets/gallery/bali-galleria.jpg,2026-06-26 0:33:46
https://www.syedirfanajmal.com/assets/gallery/atm-dubai-panel.jpg,image/jpeg,200,OK,Indexable,,,0,0,,0,0,,0,,0,,0,,0,,0,,,,,,,,,,93894,93894,93894,13.9150908,,0,,,,,0,2,2,,0,0,0,0,0,0,0,0,0,0,,,,,,0.258,"Thu, 25 Jun 2026 19:20:12 GMT",,,,,1.1,,,,,,https://www.syedirfanajmal.com/assets/gallery/atm-dubai-panel.jpg,2026-06-26 0:33:46
https://www.syedirfanajmal.com/assets/gallery/forbes-me-visit.jpg,image/jpeg,200,OK,Indexable,,,0,0,,0,0,,0,,0,,0,,0,,0,,,,,,,,,,41349,41349,41349,6.1279218,,0,,,,,0,2,2,,0,0,0,0,0,0,0,0,0,0,,,,,,0.293,"Thu, 25 Jun 2026 19:20:12 GMT",,,,,1.1,,,,,,https://www.syedirfanajmal.com/assets/gallery/forbes-me-visit.jpg,2026-06-26 0:33:46
https://www.syedirfanajmal.com/assets/gallery/dmss-bali.jpg,image/jpeg,200,OK,Indexable,,,0,0,,0,0,,0,,0,,0,,0,,0,,,,,,,,,,85161,85161,85161,12.6208602,,0,,,,,0,2,2,,0,0,0,0,0,0,0,0,0,0,,,,,,0.269,"Thu, 25 Jun 2026 19:20:12 GMT",,,,,1.1,,,,,,https://www.syedirfanajmal.com/assets/gallery/dmss-bali.jpg,2026-06-26 0:33:47
https://www.syedirfanajmal.com/assets/gallery/with-irfan-khairi.jpg,image/jpeg,200,OK,Indexable,,,0,0,,0,0,,0,,0,,0,,0,,0,,,,,,,,,,144389,144389,144389,21.3984498,,0,,,,,0,2,2,,0,0,0,0,0,0,0,0,0,0,,,,,,0.275,"Thu, 25 Jun 2026 19:20:12 GMT",,,,,1.1,,,,,,https://www.syedirfanajmal.com/assets/gallery/with-irfan-khairi.jpg,2026-06-26 0:33:47
https://www.syedirfanajmal.com/assets/gallery/empower-pakistan.jpg,image/jpeg,200,OK,Indexable,,,0,0,,0,0,,0,,0,,0,,0,,0,,,,,,,,,,157796,157796,157796,23.3853672,,0,,,,,0,2,2,,0,0,0,0,0,0,0,0,0,0,,,,,,0.252,"Thu, 25 Jun 2026 19:20:13 GMT",,,,,1.1,,,,,,https://www.syedirfanajmal.com/assets/gallery/empower-pakistan.jpg,2026-06-26 0:33:47
https://www.syedirfanajmal.com/assets/gallery/wall-climbing-malaysia-1.jpg,image/jpeg,200,OK,Indexable,,,0,0,,0,0,,0,,0,,0,,0,,0,,,,,,,,,,258283,258283,258283,38.2775406,,0,,,,,0,2,2,,0,0,0,0,0,0,0,0,0,0,,,,,,0.29,"Thu, 25 Jun 2026 19:20:13 GMT",,,,,1.1,,,,,,https://www.syedirfanajmal.com/assets/gallery/wall-climbing-malaysia-1.jpg,2026-06-26 0:33:47
https://www.syedirfanajmal.com/assets/gallery/startup-grind.jpg,image/jpeg,200,OK,Indexable,,,0,0,,0,0,,0,,0,,0,,0,,0,,,,,,,,,,69860,69860,69860,10.353252,,0,,,,,0,2,2,,0,0,0,0,0,0,0,0,0,0,,,,,,0.311,"Thu, 25 Jun 2026 19:20:13 GMT",,,,,1.1,,,,,,https://www.syedirfanajmal.com/assets/gallery/startup-grind.jpg,2026-06-26 0:33:47
https://www.syedirfanajmal.com/assets/emos-hero.standalone.html,text/html; charset=utf-8,200,OK,Indexable,,EMOS — Hero (Embed),19,204,,0,0,,0,,0,,0,,0,,0,,,,,,,,,,2171173,1620773,1620773,240.1985586,,2,2,1,0,Very Hard,0.0005527109,2,1,,0,0,0,0,0,0,0,0,0,0,,,,,6f81353950de233e000fd3f4aa9d80d2,0.262,"Thu, 25 Jun 2026 19:20:27 GMT",,,,,1.1,,,,,,https://www.syedirfanajmal.com/assets/emos-hero.standalone.html,2026-06-26 0:33:44
https://www.syedirfanajmal.com/resources/storytelling,text/html; charset=utf-8,200,OK,Indexable,,Storytelling 101: Elevate Your Brand · Syed Irfan Ajmal,55,479,Find out the most effective storytelling tactics and techniques in this mega-guide which can help you elevate your brand like never before!,139,842,,0,Storytelling 101: Elevate Your Brand,36,,0,01 · Introduction,17,02 · Food for Thought,21,,,,https://www.syedirfanajmal.com/resources/storytelling,,,,,,226481,43555,43555,6.454851,,5429,781,6.95134443,69.52125315,Normal,14.806455,2,1,,13,2,0,2.74,54,19,0,15,14,0,,,,,b150930e6fd7e0c3fd820f3cd970fdab,0.291,,,,,en,1.1,,,,,,https://www.syedirfanajmal.com/resources/storytelling,2026-06-26 0:33:47
https://www.syedirfanajmal.com/infographics/bing-seo-2015,text/html; charset=utf-8,200,OK,Indexable,,"The Ultimate Bing SEO Guide (2015, Archived) + Infographic",58,530,"The original 2015 illustrated Bing SEO guide, restored and archived: submit your site, follow the guidelines, earn the right links, and diversify your content formats. For the current edition, see the 2026 guide and infographic.",228,1358,,0,The Ultimate Bing SEO Guide,27,,0,Why is Bing SEO important?,26,3 basic steps to start Bing SEO,31,,,,https://www.syedirfanajmal.com/infographics/bing-seo-2015,,,,,,87469,17803,17803,2.6384046,,1195,173,6.907514451,85.13600672,Easy,8.607525,2,1,,2,2,0,2.74,42,21,0,11,9,0,,,,,9f18f58a535c8dc6174a6dd1237fbcf0,0.279,,,,,en,1.1,,,,,,https://www.syedirfanajmal.com/infographics/bing-seo-2015,2026-06-26 0:33:47
https://www.syedirfanajmal.com/resources/writing-tips,text/html; charset=utf-8,200,OK,Indexable,,100+ Writing Tips to Become a Better Writer · Syed Irfan Ajmal,62,554,"Over 100 practical writing tips covering clarity, structure, editing, voice and persuasion — for marketers, founders and anyone who communicates in writing.",156,958,,0,100+ Writing Tips to Become a Great Writer,42,,0,01 · Writing Quality Content (Tips 1–50),40,02 · Being a Prolific Writer (Tips 51–85),41,,,,https://www.syedirfanajmal.com/resources/writing-tips,,,,,,197435,33528,33528,4.9688496,,3481,593,5.870151771,86.18923491,Easy,10.3793335,2,1,,8,4,0,5.48,46,18,0,7,7,0,,,,,95881a5a10b2b34c135d52118acb4cad,0.326,,,,,en,1.1,,,,,,https://www.syedirfanajmal.com/resources/writing-tips,2026-06-26 0:33:47
https://www.syedirfanajmal.com/infographics/writing-benefits,text/html; charset=utf-8,200,OK,Indexable,,Top 11 Scientific Benefits of Writing · Interactive Infographic,63,535,"An interactive, research-backed infographic on the science of a regular writing habit, from sharper memory to lower stress, with the studies behind each benefit.",161,981,,0,"Eleven scientific benefits of writing, mapped, cited, and prescribed.",69,,0,"How much writing, exactly?",26,Real case studies. Zero filler.,31,,,,https://www.syedirfanajmal.com/infographics/writing-benefits,,,,,,93794,15111,15111,2.2394502,,1338,300,4.46,85.33500583,Easy,9.23447,2,1,,2,2,0,2.74,40,19,0,7,7,0,,,,,b3b4ebec53eeaafe3cb0143203d589a6,0.31,,,,,en,1.1,,,,,,https://www.syedirfanajmal.com/infographics/writing-benefits,2026-06-26 0:33:47
https://www.syedirfanajmal.com/resources/neuromarketing,text/html; charset=utf-8,200,OK,Indexable,,Neuromarketing 101: What Is Neuromarketing And How Does It Work? · Syed Irfan Ajmal,83,783,"A research-backed guide to neuromarketing — covering the history, techniques (fMRI, EEG, eye tracking), real-world examples from Red Bull, Porsche, and Coke vs Pepsi, and how to apply it in your marketing.",205,1269,,0,Neuromarketing 101: What Is It & How Does It Work?,50,,0,"01 · Introduction: 35,000 Decisions a Day",41,02 · The Curious Brain Impalement of Phineas Gage,49,,,,https://www.syedirfanajmal.com/resources/neuromarketing,,,,,,190717,37561,37561,5.5665402,,3479,575,6.050434783,71.15537811,Fairly Easy,11.657097,2,1,,10,3,0,4.11,49,18,0,27,26,0,,,,,99b123d2a7642da283381fcb53abc035,0.116,,,,,en,1.1,,,,,,https://www.syedirfanajmal.com/resources/neuromarketing,2026-06-26 0:33:47
https://www.syedirfanajmal.com/tools/signaliq,text/html; charset=utf-8,200,OK,Indexable,,SignalIQ · Media Coverage Gap Scanner · Syed Irfan Ajmal,56,514,SignalIQ spots media coverage gaps and whitespace across your sector with live signal data. A free interactive tool from the EMOS suite.,136,841,,0,See the story before it breaks.,31,,0,,0,,0,,,,https://www.syedirfanajmal.com/tools/signaliq,,,,,,54763,11372,11372,1.6853304,,428,73,5.863013699,68.64712521,Normal,5.284934,2,1,,8,6,0,8.22,9,7,0,0,0,0,,,,,cbbfa72c453157b882cb3fc4947b262,0.112,,,,,en,1.1,,,,,,https://www.syedirfanajmal.com/tools/signaliq,2026-06-26 0:33:48
https://www.syedirfanajmal.com/_next/static/chunks/134z6tyj8twzb.js,application/javascript; charset=utf-8,200,OK,Indexable,,,0,0,,0,0,,0,,0,,0,,0,,0,,,,,,,,,,0,0,0,0,,0,,,,,0,2,3,,0,0,0,0,0,0,0,0,0,0,,,,,,0.092,"Thu, 25 Jun 2026 18:50:07 GMT",,,,,1.1,,,,,,https://www.syedirfanajmal.com/_next/static/chunks/134z6tyj8twzb.js,2026-06-26 0:33:48
https://www.syedirfanajmal.com/tools/authority-calculator,text/html; charset=utf-8,200,OK,Indexable,,Authority ROI Calculator · Rent vs. Own · Syed Irfan Ajmal,58,505,"Compare the cost of renting media authority through agencies versus owning the capability with EMOS, and model your first-year ROI. A free interactive calculator.",162,1002,,0,Stop renting authority. Own it.,31,,0,"$144,400 says it’s time to stop renting.",40,,0,,,,https://www.syedirfanajmal.com/tools/authority-calculator,,,,,,37811,9037,9037,1.3392834,,390,76,5.131578947,75.3772166,Fairly Easy,6.5529933,2,1,,1,1,0,1.37,5,3,0,1,1,0,,,,,a429da69340725b595b69b2377fe9f8,0.129,,,,,en,1.1,,,,,,https://www.syedirfanajmal.com/tools/authority-calculator,2026-06-26 0:33:48
https://www.syedirfanajmal.com/_next/static/chunks/03irta43.g~dx.js,application/javascript; charset=utf-8,200,OK,Indexable,,,0,0,,0,0,,0,,0,,0,,0,,0,,,,,,,,,,0,0,0,0,,0,,,,,0,2,3,,0,0,0,0,0,0,0,0,0,0,,,,,,0.09,"Thu, 25 Jun 2026 18:50:07 GMT",,,,,1.1,,,,,,https://www.syedirfanajmal.com/_next/static/chunks/03irta43.g~dx.js,2026-06-26 0:33:48
https://www.syedirfanajmal.com/infographics/bing-seo,text/html; charset=utf-8,200,OK,Indexable,,Bing SEO Guide 2026 | How to Win on Bing + AI Search,52,481,"A practical 2026 Bing SEO guide: how to rank on Bing, optimize your on-page and links, turn on IndexNow, and win AI citations in Copilot and ChatGPT. Bing SEO tips, data and a checklist.",186,1147,,0,How to Win on Bing | And the AI Answer Engines It Feeds,55,,0,1 · Why Bing still matters in 2026,34,2 · The real reason to care: Bing feeds the AI answer layer,59,,,,https://www.syedirfanajmal.com/infographics/bing-seo,,,,,,329946,51575,51575,7.643415,,5430,939,5.782747604,78.22540068,Fairly Easy,10.532737,2,1,,16,4,0,5.48,54,19,0,51,51,0,,,,,bb4f00396934f833e3705b42dc596629,0.113,,,,,en,1.1,,,,,,https://www.syedirfanajmal.com/infographics/bing-seo,2026-06-26 0:33:48
https://www.syedirfanajmal.com/tools/pressiq,text/html; charset=utf-8,200,OK,Indexable,,PressIQ · PR Pitch Scorer · Syed Irfan Ajmal,44,385,"PressIQ scores your media pitch on relevance, mechanics, newsroom-ready material, and the EMOS framework (storytelling, neuromarketing, personal brand), then shows you exactly how to fix it. A free interactive tool from the EMOS suite.",235,1468,,0,Will a journalist paste this in?,32,,0,,0,,0,,,,https://www.syedirfanajmal.com/tools/pressiq,,,,,,48877,10034,10034,1.4870388,,259,55,4.709090909,82.8313345,Easy,3.7181957,2,1,,6,6,0,8.22,8,6,0,0,0,0,,,,,5a1b97a9dfa7e4e140fb550f20bc636b,0.109,,,,,en,1.1,,,,,,https://www.syedirfanajmal.com/tools/pressiq,2026-06-26 0:33:48
https://www.syedirfanajmal.com/tools/journocollabiq,text/html; charset=utf-8,200,OK,Indexable,,JournoCollabIQ · Journalist Beat Matcher · Syed Irfan Ajmal,59,527,"AI-powered journalist beat matching. Find the right reporters and outlets for your story, score them by beat fit and recent coverage, generate tailored pitch angles, and export a targeting brief — in minutes.",208,1252,,0,Find the journalists who'll actually cover this.,48,,0,,0,,0,,,,https://www.syedirfanajmal.com/tools/journocollabiq,,,,,,41910,8328,8328,1.2342096,,114,20,5.7,71.92318421,Fairly Easy,2.2355976,2,1,,6,6,0,8.22,8,6,0,0,0,0,,,,,b4670436e7d12dcb9ff6d2c46f2d4a33,0.133,,,,,en,1.1,,,,,,https://www.syedirfanajmal.com/tools/journocollabiq,2026-06-26 0:33:48
https://www.syedirfanajmal.com/podcast/digital-pr-vs-seo-key-s02e05,text/html; charset=utf-8,200,OK,Indexable,,Digital PR Vs SEO: Key Similarities and Differences · The SIA Business Podcast · Syed Irfan Ajmal,97,860,A clear breakdown of the key similarities and differences between Digital PR and SEO.,85,525,,0,Digital PR Vs SEO: Key Similarities and Differences,51,,0,,0,,0,,,,,,,,,,132042,33117,33117,4.9079394,,5714,631,9.055467512,87.87394199,Easy,23.382357,2,1,,5,4,0,5.48,41,19,0,8,8,0,,,,,1b215d129815505b92ae5cff1a4b327f,0.11,,,,,en,1.1,,,,,,https://www.syedirfanajmal.com/podcast/digital-pr-vs-seo-key-s02e05,2026-06-26 0:33:49
https://www.syedirfanajmal.com/podcast/collab-link-building-s02e06,text/html; charset=utf-8,200,OK,Indexable,,Collab Link Building · The SIA Business Podcast · Syed Irfan Ajmal,66,582,The collaborative link-building approach.,41,250,,0,Collab Link Building,20,,0,,0,,0,,,,,,,,,,90514,19244,19244,2.8519608,,1854,244,7.598360656,86.96149889,Easy,12.03959,2,1,,5,4,0,5.48,41,19,0,8,8,0,,,,,345378d9782429f5f6899afaac6354e5,0.111,,,,,en,1.1,,,,,,https://www.syedirfanajmal.com/podcast/collab-link-building-s02e06,2026-06-26 0:33:49
https://www.syedirfanajmal.com/resources/personal-branding,text/html; charset=utf-8,200,OK,Indexable,,Personal Branding 101: How to Brand Yourself for Success · Syed Irfan Ajmal,75,680,"A complete guide to building your personal brand — covering strategy, positioning, storytelling, content and the real examples behind 7-figure personal brands.",159,973,,0,Personal Branding 101: Brand Yourself for Success,49,,0,01 · What is Personal Branding?,31,02 · Examples of Successful Personal Brands,43,,,,https://www.syedirfanajmal.com/resources/personal-branding,,,,,,163022,33373,33373,4.9458786,,3411,456,7.480263158,72.18131917,Fairly Easy,12.819929,2,1,,7,2,0,2.74,47,18,0,7,7,0,,,,,cd0c0fc61b6e7a26ae2ccbf4715b2eab,0.279,,,,,en,1.1,,,,,,https://www.syedirfanajmal.com/resources/personal-branding,2026-06-26 0:33:48
https://www.syedirfanajmal.com/_next/static/chunks/180h16mihl-du.js,application/javascript; charset=utf-8,200,OK,Indexable,,,0,0,,0,0,,0,,0,,0,,0,,0,,,,,,,,,,0,0,0,0,,0,,,,,0,2,3,,0,0,0,0,0,0,0,0,0,0,,,,,,0.241,"Thu, 25 Jun 2026 19:20:15 GMT",,,,,1.1,,,,,,https://www.syedirfanajmal.com/_next/static/chunks/180h16mihl-du.js,2026-06-26 0:33:49
https://www.syedirfanajmal.com/podcast/haro-outreach-vs-conventional-outreach,text/html; charset=utf-8,200,OK,Indexable,,HARO Outreach vs Conventional Outreach for Quality Backlinks · The SIA Business Podcast · Syed Irfan Ajmal,106,968,A head-to-head comparison of HARO-based outreach versus conventional link outreach.,83,544,,0,HARO Outreach vs Conventional Outreach for Quality Backlinks,60,,0,,0,,0,,,,,,,,,,117104,28010,28010,4.151082,,4518,383,11.79634465,91.49916038,Very Easy,20.084333,2,1,,5,4,0,5.48,41,19,0,8,8,0,,,,,f99ed17d8dc8ca854d74f970416c3405,0.143,,,,,en,1.1,,,,,,https://www.syedirfanajmal.com/podcast/haro-outreach-vs-conventional-outreach,2026-06-26 0:33:49
https://www.syedirfanajmal.com/press-kit/assets/press-logos/entrepreneur.png,image/png,200,OK,Indexable,,,0,0,,0,0,,0,,0,,0,,0,,0,,,,,,,,,,16514,16514,16514,2.4473748,,0,,,,,0,2,3,,0,0,0,0,0,0,0,0,0,0,,,,,,0.089,"Thu, 25 Jun 2026 19:20:17 GMT",,,,,1.1,,,,,,https://www.syedirfanajmal.com/press-kit/assets/press-logos/entrepreneur.png,2026-06-26 0:33:49
https://www.syedirfanajmal.com/press-kit/assets/press-logos/search-engine-watch.jpg,image/jpeg,200,OK,Indexable,,,0,0,,0,0,,0,,0,,0,,0,,0,,,,,,,,,,3894,3894,3894,0.5770908,,0,,,,,0,2,3,,0,0,0,0,0,0,0,0,0,0,,,,,,0.082,"Thu, 25 Jun 2026 19:20:17 GMT",,,,,1.1,,,,,,https://www.syedirfanajmal.com/press-kit/assets/press-logos/search-engine-watch.jpg,2026-06-26 0:33:49
https://www.syedirfanajmal.com/press-kit/assets/press/forbes-me-article-p1.jpg,image/jpeg,200,OK,Indexable,,,0,0,,0,0,,0,,0,,0,,0,,0,,,,,,,,,,746155,746155,746155,110.580171,,0,,,,,0,2,3,,2,1,0,1.37,0,0,0,0,0,0,,,,,,0.09,"Thu, 25 Jun 2026 19:20:18 GMT",,,,,1.1,,,,,,https://www.syedirfanajmal.com/press-kit/assets/press/forbes-me-article-p1.jpg,2026-06-26 0:33:49
https://www.syedirfanajmal.com/press-kit/assets/press-logos/serped.jpg,image/jpeg,200,OK,Indexable,,,0,0,,0,0,,0,,0,,0,,0,,0,,,,,,,,,,4873,4873,4873,0.7221786,,0,,,,,0,2,3,,0,0,0,0,0,0,0,0,0,0,,,,,,0.328,"Thu, 25 Jun 2026 19:20:18 GMT",,,,,1.1,,,,,,https://www.syedirfanajmal.com/press-kit/assets/press-logos/serped.jpg,2026-06-26 0:33:49
https://syedirfanajmal.com/podcast,text/html,307,Temporary Redirect,Non-Indexable,Redirected,,0,0,,0,0,,0,,0,,0,,0,,0,,,,,,,,,,0,0,0,0,,0,,,,,0,2,0,,1,1,0,1.37,0,0,0,0,0,0,,,,,,0.258,,https://www.syedirfanajmal.com/podcast,HTTP Redirect,,,1.1,,,,,,https://syedirfanajmal.com/podcast,2026-06-26 0:33:51
https://www.syedirfanajmal.com/press-kit/assets/press-logos/huffpost.png,image/png,200,OK,Indexable,,,0,0,,0,0,,0,,0,,0,,0,,0,,,,,,,,,,4593,4593,4593,0.6806826,,0,,,,,0,2,3,,0,0,0,0,0,0,0,0,0,0,,,,,,0.367,"Thu, 25 Jun 2026 19:20:20 GMT",,,,,1.1,,,,,,https://www.syedirfanajmal.com/press-kit/assets/press-logos/huffpost.png,2026-06-26 0:33:51
https://www.syedirfanajmal.com/press-kit/assets/press-logos/msn.svg,image/svg+xml,200,OK,Indexable,,,0,0,,0,0,,0,,0,,0,,0,,0,,,,,,,,,,0,0,0,0,,0,,,,,0,2,3,,0,0,0,0,0,0,0,0,0,0,,,,,,0.314,"Thu, 25 Jun 2026 19:20:20 GMT",,,,,1.1,,,,,,https://www.syedirfanajmal.com/press-kit/assets/press-logos/msn.svg,2026-06-26 0:33:51
https://www.syedirfanajmal.com/press-kit/assets/press/forbes-me-article-p2.jpg,image/jpeg,200,OK,Indexable,,,0,0,,0,0,,0,,0,,0,,0,,0,,,,,,,,,,805377,805377,805377,119.3568714,,0,,,,,0,2,3,,2,1,0,1.37,0,0,0,0,0,0,,,,,,0.381,"Thu, 25 Jun 2026 19:20:21 GMT",,,,,1.1,,,,,,https://www.syedirfanajmal.com/press-kit/assets/press/forbes-me-article-p2.jpg,2026-06-26 0:33:52
https://www.syedirfanajmal.com/press-kit/assets/press-logos/semrush.png,image/png,200,OK,Indexable,,,0,0,,0,0,,0,,0,,0,,0,,0,,,,,,,,,,4591,4591,4591,0.6803862,,0,,,,,0,2,3,,0,0,0,0,0,0,0,0,0,0,,,,,,0.496,"Thu, 25 Jun 2026 19:20:21 GMT",,,,,1.1,,,,,,https://www.syedirfanajmal.com/press-kit/assets/press-logos/semrush.png,2026-06-26 0:33:52
https://www.syedirfanajmal.com/press-kit/assets/press-logos/forbes.png,image/png,200,OK,Indexable,,,0,0,,0,0,,0,,0,,0,,0,,0,,,,,,,,,,4789,4789,4789,0.7097298,,0,,,,,0,2,3,,0,0,0,0,0,0,0,0,0,0,,,,,,0.478,"Thu, 25 Jun 2026 19:20:21 GMT",,,,,1.1,,,,,,https://www.syedirfanajmal.com/press-kit/assets/press-logos/forbes.png,2026-06-26 0:33:52
https://www.syedirfanajmal.com/press-kit/assets/Syed-Irfan-Ajmal-Press-Kit-Assets.zip,application/zip,200,OK,Indexable,,,0,0,,0,0,,0,,0,,0,,0,,0,,,,,,,,,,1652865,1652865,1652865,244.954593,,0,,,,,0,2,2,,2,1,0,1.37,0,0,0,0,0,0,,,,,,0.393,"Thu, 25 Jun 2026 19:20:21 GMT",,,,,1.1,,,,,,https://www.syedirfanajmal.com/press-kit/assets/Syed-Irfan-Ajmal-Press-Kit-Assets.zip,2026-06-26 0:33:52
https://www.syedirfanajmal.com/press-kit/assets/Syed-Irfan-Ajmal-Speaker-One-Sheet-Jun-2026.pdf,application/pdf,200,OK,Indexable,,Syed Irfan Ajmal · Speaker Sheet · Option C,43,383,,0,0,,0,,0,,0,,0,,0,,,,,,,,,,4818374,4818374,4818374,714.0830268,,0,,,,,0,2,2,,4,2,0,2.74,0,0,0,0,0,0,,,,,,0.115,"Thu, 25 Jun 2026 19:20:14 GMT",,,,,1.1,,,,,,https://www.syedirfanajmal.com/press-kit/assets/Syed-Irfan-Ajmal-Speaker-One-Sheet-Jun-2026.pdf,2026-06-26 0:33:51
https://www.syedirfanajmal.com/press-kit/assets/brand/sia-logo-reversed.svg,image/svg+xml,200,OK,Indexable,,,0,0,,0,0,,0,,0,,0,,0,,0,,,,,,,,,,815,815,815,0.120783,,0,,,,,0,2,3,,1,1,0,1.37,0,0,0,0,0,0,,,,,,0.133,"Thu, 25 Jun 2026 19:20:22 GMT",,,,,1.1,,,,,,https://www.syedirfanajmal.com/press-kit/assets/brand/sia-logo-reversed.svg,2026-06-26 0:33:53
https://www.syedirfanajmal.com/assets/testimonials/maryam-arshad-mahmood.jpg,image/jpeg,200,OK,Indexable,,,0,0,,0,0,,0,,0,,0,,0,,0,,,,,,,,,,78950,78950,78950,11.70039,,0,,,,,0,2,2,,0,0,0,0,0,0,0,0,0,0,,,,,,0.238,"Thu, 25 Jun 2026 19:20:13 GMT",,,,,1.1,,,,,,https://www.syedirfanajmal.com/assets/testimonials/maryam-arshad-mahmood.jpg,2026-06-26 0:33:53
https://www.syedirfanajmal.com/press-kit/assets/brand/sia-logo-primary.svg,image/svg+xml,200,OK,Indexable,,,0,0,,0,0,,0,,0,,0,,0,,0,,,,,,,,,,812,812,812,0.1203384,,0,,,,,0,2,3,,1,1,0,1.37,0,0,0,0,0,0,,,,,,0.275,"Thu, 25 Jun 2026 19:20:22 GMT",,,,,1.1,,,,,,https://www.syedirfanajmal.com/press-kit/assets/brand/sia-logo-primary.svg,2026-06-26 0:33:53
https://www.syedirfanajmal.com/press-kit/assets/brand/sia-logo-mono.svg,image/svg+xml,200,OK,Indexable,,,0,0,,0,0,,0,,0,,0,,0,,0,,,,,,,,,,812,812,812,0.1203384,,0,,,,,0,2,3,,1,1,0,1.37,0,0,0,0,0,0,,,,,,0.253,"Thu, 25 Jun 2026 19:20:22 GMT",,,,,1.1,,,,,,https://www.syedirfanajmal.com/press-kit/assets/brand/sia-logo-mono.svg,2026-06-26 0:33:53
https://www.syedirfanajmal.com/press-kit/assets/press-logos/world-bank.png,image/png,200,OK,Indexable,,,0,0,,0,0,,0,,0,,0,,0,,0,,,,,,,,,,3938,3938,3938,0.5836116,,0,,,,,0,2,3,,0,0,0,0,0,0,0,0,0,0,,,,,,0.249,"Thu, 25 Jun 2026 19:20:22 GMT",,,,,1.1,,,,,,https://www.syedirfanajmal.com/press-kit/assets/press-logos/world-bank.png,2026-06-26 0:33:53
https://www.syedirfanajmal.com/press-kit/assets/Syed-Irfan-Ajmal-Bios.txt,text/plain; charset=utf-8,200,OK,Indexable,,,0,0,,0,0,,0,,0,,0,,0,,0,,,,,,,,,,0,0,0,0,,0,,,,,0,2,2,,1,1,0,1.37,0,0,0,0,0,0,,,,,,0.273,"Thu, 25 Jun 2026 19:20:23 GMT",,,,,1.1,,,,,,https://www.syedirfanajmal.com/press-kit/assets/Syed-Irfan-Ajmal-Bios.txt,2026-06-26 0:33:53
https://www.syedirfanajmal.com/press-kit/assets/brand/sia-favicon.svg,image/svg+xml,200,OK,Indexable,,,0,0,,0,0,,0,,0,,0,,0,,0,,,,,,,,,,402,402,402,0.0595764,,0,,,,,0,2,3,,1,1,0,1.37,0,0,0,0,0,0,,,,,,0.246,"Thu, 25 Jun 2026 19:20:23 GMT",,,,,1.1,,,,,,https://www.syedirfanajmal.com/press-kit/assets/brand/sia-favicon.svg,2026-06-26 0:33:54
https://www.syedirfanajmal.com/press-kit/assets/press-logos/the-next-web.png,image/png,200,OK,Indexable,,,0,0,,0,0,,0,,0,,0,,0,,0,,,,,,,,,,4024,4024,4024,0.5963568,,0,,,,,0,2,3,,0,0,0,0,0,0,0,0,0,0,,,,,,0.254,"Thu, 25 Jun 2026 19:20:23 GMT",,,,,1.1,,,,,,https://www.syedirfanajmal.com/press-kit/assets/press-logos/the-next-web.png,2026-06-26 0:33:54
https://www.syedirfanajmal.com/assets/speaking/dmss-irfan-large-audience.jpg,image/jpeg,200,OK,Indexable,,,0,0,,0,0,,0,,0,,0,,0,,0,,,,,,,,,,178515,178515,178515,26.455923,,0,,,,,0,2,2,,1,1,0,1.37,0,0,0,0,0,0,,,,,,0.266,"Thu, 25 Jun 2026 19:20:14 GMT",,,,,1.1,,,,,,https://www.syedirfanajmal.com/assets/speaking/dmss-irfan-large-audience.jpg,2026-06-26 0:33:54
https://www.syedirfanajmal.com/assets/testimonials/ash-ali.jpg,image/jpeg,200,OK,Indexable,,,0,0,,0,0,,0,,0,,0,,0,,0,,,,,,,,,,39664,39664,39664,5.8782048,,0,,,,,0,2,2,,0,0,0,0,0,0,0,0,0,0,,,,,,0.274,"Thu, 25 Jun 2026 19:20:14 GMT",,,,,1.1,,,,,,https://www.syedirfanajmal.com/assets/testimonials/ash-ali.jpg,2026-06-26 0:33:54
https://www.syedirfanajmal.com/assets/headshot.jpg,image/jpeg,200,OK,Indexable,,,0,0,,0,0,,0,,0,,0,,0,,0,,,,,,,,,,95249,95249,95249,14.1159018,,0,,,,,0,2,1,,1,1,0,1.37,0,0,0,0,0,0,,,,,,0.307,"Thu, 25 Jun 2026 19:20:23 GMT",,,,,1.1,,,,,,https://www.syedirfanajmal.com/assets/headshot.jpg,2026-06-26 0:33:54
https://www.syedirfanajmal.com/press-kit/assets/press-logos/hbr.png,image/png,200,OK,Indexable,,,0,0,,0,0,,0,,0,,0,,0,,0,,,,,,,,,,54184,54184,54184,8.0300688,,0,,,,,0,2,3,,0,0,0,0,0,0,0,0,0,0,,,,,,0.282,"Thu, 25 Jun 2026 19:20:25 GMT",,,,,1.1,,,,,,https://www.syedirfanajmal.com/press-kit/assets/press-logos/hbr.png,2026-06-26 0:33:56
https://www.syedirfanajmal.com/_next/static/chunks/0ny.r9z4qe11m.js,application/javascript; charset=utf-8,200,OK,Indexable,,,0,0,,0,0,,0,,0,,0,,0,,0,,,,,,,,,,0,0,0,0,,0,,,,,0,2,3,,0,0,0,0,0,0,0,0,0,0,,,,,,0.381,"Thu, 25 Jun 2026 19:17:44 GMT",,,,,1.1,,,,,,https://www.syedirfanajmal.com/_next/static/chunks/0ny.r9z4qe11m.js,2026-06-26 0:33:56
https://www.syedirfanajmal.com/_next/static/chunks/01ucz7~w582r..js,application/javascript; charset=utf-8,200,OK,Indexable,,,0,0,,0,0,,0,,0,,0,,0,,0,,,,,,,,,,0,0,0,0,,0,,,,,0,2,3,,0,0,0,0,0,0,0,0,0,0,,,,,,0.387,"Thu, 25 Jun 2026 19:17:44 GMT",,,,,1.1,,,,,,https://www.syedirfanajmal.com/_next/static/chunks/01ucz7~w582r..js,2026-06-26 0:33:56
https://www.syedirfanajmal.com/assets/clients/curednation.png,image/png,200,OK,Indexable,,,0,0,,0,0,,0,,0,,0,,0,,0,,,,,,,,,,33249,33249,33249,4.9275018,,0,,,,,0,2,2,,0,0,0,0,0,0,0,0,0,0,,,,,,0.331,"Thu, 25 Jun 2026 19:20:13 GMT",,,,,1.1,,,,,,https://www.syedirfanajmal.com/assets/clients/curednation.png,2026-06-26 0:33:56
https://www.syedirfanajmal.com/press-kit/assets/Syed-Irfan-Ajmal-Speaker-Media-Kit-Jun-2026.pdf,application/pdf,200,OK,Indexable,,Syed Irfan Ajmal · Speaker Media Kit,36,324,,0,0,,0,,0,,0,,0,,0,,,,,,,,,,5792688,5792688,5792688,858.4763616,,0,,,,,0,2,2,,4,2,0,2.74,0,0,0,0,0,0,,,,,,0.284,"Thu, 25 Jun 2026 19:20:15 GMT",,,,,1.1,,,,,,https://www.syedirfanajmal.com/press-kit/assets/Syed-Irfan-Ajmal-Speaker-Media-Kit-Jun-2026.pdf,2026-06-26 0:33:54
https://www.syedirfanajmal.com/assets/clients/infoshare.jpeg,image/jpeg,200,OK,Indexable,,,0,0,,0,0,,0,,0,,0,,0,,0,,,,,,,,,,7937,7937,7937,1.1762634,,0,,,,,0,2,2,,0,0,0,0,0,0,0,0,0,0,,,,,,0.3,"Thu, 25 Jun 2026 19:20:13 GMT",,,,,1.1,,,,,,https://www.syedirfanajmal.com/assets/clients/infoshare.jpeg,2026-06-26 0:33:56
https://www.syedirfanajmal.com/assets/clients/nta.jpg,image/jpeg,200,OK,Indexable,,,0,0,,0,0,,0,,0,,0,,0,,0,,,,,,,,,,55283,55283,55283,8.1929406,,0,,,,,0,2,2,,0,0,0,0,0,0,0,0,0,0,,,,,,0.311,"Thu, 25 Jun 2026 19:20:14 GMT",,,,,1.1,,,,,,https://www.syedirfanajmal.com/assets/clients/nta.jpg,2026-06-26 0:33:56
https://www.syedirfanajmal.com/assets/clients/alrug.png,image/png,200,OK,Indexable,,,0,0,,0,0,,0,,0,,0,,0,,0,,,,,,,,,,85099,85099,85099,12.6116718,,0,,,,,0,2,2,,0,0,0,0,0,0,0,0,0,0,,,,,,0.352,"Thu, 25 Jun 2026 19:20:13 GMT",,,,,1.1,,,,,,https://www.syedirfanajmal.com/assets/clients/alrug.png,2026-06-26 0:33:56
https://www.syedirfanajmal.com/assets/clients/centriq.png,image/png,200,OK,Indexable,,,0,0,,0,0,,0,,0,,0,,0,,0,,,,,,,,,,140595,140595,140595,20.836179,,0,,,,,0,2,2,,0,0,0,0,0,0,0,0,0,0,,,,,,0.109,"Thu, 25 Jun 2026 19:20:14 GMT",,,,,1.1,,,,,,https://www.syedirfanajmal.com/assets/clients/centriq.png,2026-06-26 0:33:57
https://www.syedirfanajmal.com/assets/clients/ridester.png,image/png,200,OK,Indexable,,,0,0,,0,0,,0,,0,,0,,0,,0,,,,,,,,,,1372,1372,1372,0.2033304,,0,,,,,0,2,2,,0,0,0,0,0,0,0,0,0,0,,,,,,0.239,"Thu, 25 Jun 2026 19:20:14 GMT",,,,,1.1,,,,,,https://www.syedirfanajmal.com/assets/clients/ridester.png,2026-06-26 0:33:57
https://www.syedirfanajmal.com/_next/static/chunks/07lxf~un9rb7m.js,application/javascript; charset=utf-8,200,OK,Indexable,,,0,0,,0,0,,0,,0,,0,,0,,0,,,,,,,,,,0,0,0,0,,0,,,,,0,2,3,,0,0,0,0,0,0,0,0,0,0,,,,,,0.243,"Thu, 25 Jun 2026 19:20:25 GMT",,,,,1.1,,,,,,https://www.syedirfanajmal.com/_next/static/chunks/07lxf~un9rb7m.js,2026-06-26 0:33:57
https://www.syedirfanajmal.com/assets/testimonials/trent-carter.jpeg,image/jpeg,200,OK,Indexable,,,0,0,,0,0,,0,,0,,0,,0,,0,,,,,,,,,,10218,10218,10218,1.5143076,,0,,,,,0,2,2,,0,0,0,0,0,0,0,0,0,0,,,,,,0.286,"Thu, 25 Jun 2026 18:50:09 GMT",,,,,1.1,,,,,,https://www.syedirfanajmal.com/assets/testimonials/trent-carter.jpeg,2026-06-26 0:33:57
https://www.syedirfanajmal.com/assets/testimonials/bridget-hanson.jpg,image/jpeg,200,OK,Indexable,,,0,0,,0,0,,0,,0,,0,,0,,0,,,,,,,,,,14549,14549,14549,2.1561618,,0,,,,,0,2,2,,0,0,0,0,0,0,0,0,0,0,,,,,,0.241,"Thu, 25 Jun 2026 19:20:26 GMT",,,,,1.1,,,,,,https://www.syedirfanajmal.com/assets/testimonials/bridget-hanson.jpg,2026-06-26 0:33:57
https://www.syedirfanajmal.com/_next/static/chunks/020c_9s1g3tgy.js,application/javascript; charset=utf-8,200,OK,Indexable,,,0,0,,0,0,,0,,0,,0,,0,,0,,,,,,,,,,0,0,0,0,,0,,,,,0,2,3,,0,0,0,0,0,0,0,0,0,0,,,,,,0.238,"Thu, 25 Jun 2026 19:17:44 GMT",,,,,1.1,,,,,,https://www.syedirfanajmal.com/_next/static/chunks/020c_9s1g3tgy.js,2026-06-26 0:33:57
https://www.syedirfanajmal.com/_next/static/chunks/0y_947d357_uq.js,application/javascript; charset=utf-8,200,OK,Indexable,,,0,0,,0,0,,0,,0,,0,,0,,0,,,,,,,,,,0,0,0,0,,0,,,,,0,2,3,,0,0,0,0,0,0,0,0,0,0,,,,,,0.262,"Thu, 25 Jun 2026 19:17:44 GMT",,,,,1.1,,,,,,https://www.syedirfanajmal.com/_next/static/chunks/0y_947d357_uq.js,2026-06-26 0:33:57
https://www.syedirfanajmal.com/assets/headshot-circle.png,image/png,200,OK,Indexable,,,0,0,,0,0,,0,,0,,0,,0,,0,,,,,,,,,,153222,153222,153222,22.7075004,,0,,,,,0,2,1,,0,0,0,0,0,0,0,0,0,0,,,,,,0.279,"Thu, 25 Jun 2026 18:50:09 GMT",,,,,1.1,,,,,,https://www.syedirfanajmal.com/assets/headshot-circle.png,2026-06-26 0:33:57
https://www.syedirfanajmal.com/podcast/automated-outreach-insights.jpg,image/jpeg,200,OK,Indexable,,,0,0,,0,0,,0,,0,,0,,0,,0,,,,,,,,,,57107,57107,57107,8.4632574,,0,,,,,0,3,1,,0,0,0,0,0,0,0,0,0,0,,,,,,0.26,"Thu, 25 Jun 2026 19:20:28 GMT",,,,,1.1,,,,,,https://www.syedirfanajmal.com/podcast/automated-outreach-insights.jpg,2026-06-26 0:33:57
https://www.syedirfanajmal.com/podcast/guest-post-pitch-tear-down-11-mistakes.jpg,image/jpeg,200,OK,Indexable,,,0,0,,0,0,,0,,0,,0,,0,,0,,,,,,,,,,129166,129166,129166,19.1424012,,0,,,,,0,3,1,,0,0,0,0,0,0,0,0,0,0,,,,,,0.253,"Thu, 25 Jun 2026 19:20:27 GMT",,,,,1.1,,,,,,https://www.syedirfanajmal.com/podcast/guest-post-pitch-tear-down-11-mistakes.jpg,2026-06-26 0:33:58
https://www.syedirfanajmal.com/podcast/standing-out-hack-s02e07.jpg,image/jpeg,200,OK,Indexable,,,0,0,,0,0,,0,,0,,0,,0,,0,,,,,,,,,,173229,173229,173229,25.6725378,,0,,,,,0,3,1,,0,0,0,0,0,0,0,0,0,0,,,,,,0.259,"Thu, 25 Jun 2026 19:20:29 GMT",,,,,1.1,,,,,,https://www.syedirfanajmal.com/podcast/standing-out-hack-s02e07.jpg,2026-06-26 0:33:58
https://www.syedirfanajmal.com/podcast/liam-martin-s01e02.jpg,image/jpeg,200,OK,Indexable,,,0,0,,0,0,,0,,0,,0,,0,,0,,,,,,,,,,262449,262449,262449,38.8949418,,0,,,,,0,3,1,,0,0,0,0,0,0,0,0,0,0,,,,,,0.244,"Thu, 25 Jun 2026 19:20:30 GMT",,,,,1.1,,,,,,https://www.syedirfanajmal.com/podcast/liam-martin-s01e02.jpg,2026-06-26 0:33:59
https://www.syedirfanajmal.com/podcast/newsjacking-s02e04.jpg,image/jpeg,200,OK,Indexable,,,0,0,,0,0,,0,,0,,0,,0,,0,,,,,,,,,,107971,107971,107971,16.0013022,,0,,,,,0,3,1,,0,0,0,0,0,0,0,0,0,0,,,,,,0.254,"Thu, 25 Jun 2026 19:20:29 GMT",,,,,1.1,,,,,,https://www.syedirfanajmal.com/podcast/newsjacking-s02e04.jpg,2026-06-26 0:34:00
https://www.syedirfanajmal.com/podcast/lead-scraping-ahrefs-competitor-spying.jpg,image/jpeg,200,OK,Indexable,,,0,0,,0,0,,0,,0,,0,,0,,0,,,,,,,,,,134416,134416,134416,19.9204512,,0,,,,,0,3,1,,0,0,0,0,0,0,0,0,0,0,,,,,,0.24,"Thu, 25 Jun 2026 19:20:31 GMT",,,,,1.1,,,,,,https://www.syedirfanajmal.com/podcast/lead-scraping-ahrefs-competitor-spying.jpg,2026-06-26 0:34:00
https://www.syedirfanajmal.com/podcast/quantifying-backlinks-quality-bare-minimum.jpg,image/jpeg,200,OK,Indexable,,,0,0,,0,0,,0,,0,,0,,0,,0,,,,,,,,,,109931,109931,109931,16.2917742,,0,,,,,0,3,1,,0,0,0,0,0,0,0,0,0,0,,,,,,0.26,"Thu, 25 Jun 2026 19:20:31 GMT",,,,,1.1,,,,,,https://www.syedirfanajmal.com/podcast/quantifying-backlinks-quality-bare-minimum.jpg,2026-06-26 0:34:00
https://www.syedirfanajmal.com/podcast/finding-no-follow-links-two-methods.jpg,image/jpeg,200,OK,Indexable,,,0,0,,0,0,,0,,0,,0,,0,,0,,,,,,,,,,116503,116503,116503,17.2657446,,0,,,,,0,3,1,,0,0,0,0,0,0,0,0,0,0,,,,,,0.256,"Thu, 25 Jun 2026 19:20:31 GMT",,,,,1.1,,,,,,https://www.syedirfanajmal.com/podcast/finding-no-follow-links-two-methods.jpg,2026-06-26 0:34:01
https://www.syedirfanajmal.com/podcast/reviewing-seo-kpis-target-websites.jpg,image/jpeg,200,OK,Indexable,,,0,0,,0,0,,0,,0,,0,,0,,0,,,,,,,,,,113507,113507,113507,16.8217374,,0,,,,,0,3,1,,0,0,0,0,0,0,0,0,0,0,,,,,,0.248,"Thu, 25 Jun 2026 19:20:32 GMT",,,,,1.1,,,,,,https://www.syedirfanajmal.com/podcast/reviewing-seo-kpis-target-websites.jpg,2026-06-26 0:34:01
https://www.syedirfanajmal.com/podcast/remote-work-productivity-tools.jpg,image/jpeg,200,OK,Indexable,,,0,0,,0,0,,0,,0,,0,,0,,0,,,,,,,,,,782727,782727,782727,116.0001414,,0,,,,,0,3,1,,0,0,0,0,0,0,0,0,0,0,,,,,,0.253,"Thu, 25 Jun 2026 19:20:33 GMT",,,,,1.1,,,,,,https://www.syedirfanajmal.com/podcast/remote-work-productivity-tools.jpg,2026-06-26 0:34:01
https://www.syedirfanajmal.com/podcast/ash-ali-hasan-kubba.jpg,image/jpeg,200,OK,Indexable,,,0,0,,0,0,,0,,0,,0,,0,,0,,,,,,,,,,53507,53507,53507,7.9297374,,0,,,,,0,3,1,,0,0,0,0,0,0,0,0,0,0,,,,,,0.248,"Thu, 25 Jun 2026 19:20:35 GMT",,,,,1.1,,,,,,https://www.syedirfanajmal.com/podcast/ash-ali-hasan-kubba.jpg,2026-06-26 0:34:03
https://www.syedirfanajmal.com/podcast/melanie-marten-s01e08.jpg,image/jpeg,200,OK,Indexable,,,0,0,,0,0,,0,,0,,0,,0,,0,,,,,,,,,,392949,392949,392949,58.2350418,,0,,,,,0,3,1,,0,0,0,0,0,0,0,0,0,0,,,,,,0.254,"Thu, 25 Jun 2026 19:20:34 GMT",,,,,1.1,,,,,,https://www.syedirfanajmal.com/podcast/melanie-marten-s01e08.jpg,2026-06-26 0:34:03
https://www.syedirfanajmal.com/podcast/ron-carucci-power-leadership.jpg,image/jpeg,200,OK,Indexable,,,0,0,,0,0,,0,,0,,0,,0,,0,,,,,,,,,,166841,166841,166841,24.7258362,,0,,,,,0,3,1,,0,0,0,0,0,0,0,0,0,0,,,,,,0.263,"Thu, 25 Jun 2026 19:20:33 GMT",,,,,1.1,,,,,,https://www.syedirfanajmal.com/podcast/ron-carucci-power-leadership.jpg,2026-06-26 0:34:04
https://www.syedirfanajmal.com/podcast/negating-conventional-wisdom-s01e10.jpg,image/jpeg,200,OK,Indexable,,,0,0,,0,0,,0,,0,,0,,0,,0,,,,,,,,,,312475,312475,312475,46.308795,,0,,,,,0,3,1,,0,0,0,0,0,0,0,0,0,0,,,,,,0.257,"Thu, 25 Jun 2026 19:20:34 GMT",,,,,1.1,,,,,,https://www.syedirfanajmal.com/podcast/negating-conventional-wisdom-s01e10.jpg,2026-06-26 0:34:04
https://www.syedirfanajmal.com/podcast/agency-3-step-client-onboarding-process.jpg,image/jpeg,200,OK,Indexable,,,0,0,,0,0,,0,,0,,0,,0,,0,,,,,,,,,,409576,409576,409576,60.6991632,,0,,,,,0,3,1,,0,0,0,0,0,0,0,0,0,0,,,,,,0.258,"Thu, 25 Jun 2026 19:20:35 GMT",,,,,1.1,,,,,,https://www.syedirfanajmal.com/podcast/agency-3-step-client-onboarding-process.jpg,2026-06-26 0:34:04
https://www.syedirfanajmal.com/podcast/mistakes-of-speaking-career-s02e02.jpg,image/jpeg,200,OK,Indexable,,,0,0,,0,0,,0,,0,,0,,0,,0,,,,,,,,,,211779,211779,211779,31.3856478,,0,,,,,0,3,1,,0,0,0,0,0,0,0,0,0,0,,,,,,0.249,"Thu, 25 Jun 2026 19:20:36 GMT",,,,,1.1,,,,,,https://www.syedirfanajmal.com/podcast/mistakes-of-speaking-career-s02e02.jpg,2026-06-26 0:34:05
https://www.syedirfanajmal.com/podcast/boomerang-review-email-pitching-tool.jpg,image/jpeg,200,OK,Indexable,,,0,0,,0,0,,0,,0,,0,,0,,0,,,,,,,,,,126051,126051,126051,18.6807582,,0,,,,,0,3,1,,0,0,0,0,0,0,0,0,0,0,,,,,,0.248,"Thu, 25 Jun 2026 19:20:36 GMT",,,,,1.1,,,,,,https://www.syedirfanajmal.com/podcast/boomerang-review-email-pitching-tool.jpg,2026-06-26 0:34:05
https://www.syedirfanajmal.com/podcast/top-3-seo-myths-sia-s01e05.jpg,image/jpeg,200,OK,Indexable,,,0,0,,0,0,,0,,0,,0,,0,,0,,,,,,,,,,155625,155625,155625,23.063625,,0,,,,,0,3,1,,0,0,0,0,0,0,0,0,0,0,,,,,,0.255,"Thu, 25 Jun 2026 19:20:37 GMT",,,,,1.1,,,,,,https://www.syedirfanajmal.com/podcast/top-3-seo-myths-sia-s01e05.jpg,2026-06-26 0:34:06
https://www.syedirfanajmal.com/podcast/recap-and-intro-s02e01.jpg,image/jpeg,200,OK,Indexable,,,0,0,,0,0,,0,,0,,0,,0,,0,,,,,,,,,,125580,125580,125580,18.610956,,0,,,,,0,3,1,,0,0,0,0,0,0,0,0,0,0,,,,,,0.257,"Thu, 25 Jun 2026 19:20:38 GMT",,,,,1.1,,,,,,https://www.syedirfanajmal.com/podcast/recap-and-intro-s02e01.jpg,2026-06-26 0:34:06
https://www.syedirfanajmal.com/podcast/faisal-khan-interview.jpg,image/jpeg,200,OK,Indexable,,,0,0,,0,0,,0,,0,,0,,0,,0,,,,,,,,,,409576,409576,409576,60.6991632,,0,,,,,0,3,1,,0,0,0,0,0,0,0,0,0,0,,,,,,0.25,"Thu, 25 Jun 2026 19:20:38 GMT",,,,,1.1,,,,,,https://www.syedirfanajmal.com/podcast/faisal-khan-interview.jpg,2026-06-26 0:34:06
https://www.syedirfanajmal.com/podcast/fighting-corona-recession-our-plan.jpg,image/jpeg,200,OK,Indexable,,,0,0,,0,0,,0,,0,,0,,0,,0,,,,,,,,,,190098,190098,190098,28.1725236,,0,,,,,0,3,1,,0,0,0,0,0,0,0,0,0,0,,,,,,0.276,"Thu, 25 Jun 2026 19:20:37 GMT",,,,,1.1,,,,,,https://www.syedirfanajmal.com/podcast/fighting-corona-recession-our-plan.jpg,2026-06-26 0:34:07
https://www.syedirfanajmal.com/podcast/brendon-burchard-high-performance-planner.jpg,image/jpeg,200,OK,Indexable,,,0,0,,0,0,,0,,0,,0,,0,,0,,,,,,,,,,122595,122595,122595,18.168579,,0,,,,,0,3,1,,0,0,0,0,0,0,0,0,0,0,,,,,,0.271,"Thu, 25 Jun 2026 19:20:39 GMT",,,,,1.1,,,,,,https://www.syedirfanajmal.com/podcast/brendon-burchard-high-performance-planner.jpg,2026-06-26 0:34:07
https://www.syedirfanajmal.com/podcast/productivity-hacks-s01e09.jpg,image/jpeg,200,OK,Indexable,,,0,0,,0,0,,0,,0,,0,,0,,0,,,,,,,,,,410618,410618,410618,60.8535876,,0,,,,,0,3,1,,0,0,0,0,0,0,0,0,0,0,,,,,,0.275,"Thu, 25 Jun 2026 19:20:40 GMT",,,,,1.1,,,,,,https://www.syedirfanajmal.com/podcast/productivity-hacks-s01e09.jpg,2026-06-26 0:34:07
https://www.syedirfanajmal.com/podcast/greg-heilers-interview.jpg,image/jpeg,200,OK,Indexable,,,0,0,,0,0,,0,,0,,0,,0,,0,,,,,,,,,,409576,409576,409576,60.6991632,,0,,,,,0,3,1,,0,0,0,0,0,0,0,0,0,0,,,,,,0.244,"Thu, 25 Jun 2026 19:20:39 GMT",,,,,1.1,,,,,,https://www.syedirfanajmal.com/podcast/greg-heilers-interview.jpg,2026-06-26 0:34:08
https://www.syedirfanajmal.com/podcast/seo-backlinks-type3.jpg,image/jpeg,200,OK,Indexable,,,0,0,,0,0,,0,,0,,0,,0,,0,,,,,,,,,,409576,409576,409576,60.6991632,,0,,,,,0,3,1,,0,0,0,0,0,0,0,0,0,0,,,,,,0.242,"Thu, 25 Jun 2026 19:20:40 GMT",,,,,1.1,,,,,,https://www.syedirfanajmal.com/podcast/seo-backlinks-type3.jpg,2026-06-26 0:34:09
https://www.syedirfanajmal.com/podcast/seo-backlinks-type2.jpg,image/jpeg,200,OK,Indexable,,,0,0,,0,0,,0,,0,,0,,0,,0,,,,,,,,,,409576,409576,409576,60.6991632,,0,,,,,0,3,1,,0,0,0,0,0,0,0,0,0,0,,,,,,0.254,"Thu, 25 Jun 2026 19:22:13 GMT",,,,,1.1,,,,,,https://www.syedirfanajmal.com/podcast/seo-backlinks-type2.jpg,2026-06-26 0:34:09
https://www.syedirfanajmal.com/podcast/elvin-zhang-s01e04.jpg,image/jpeg,200,OK,Indexable,,,0,0,,0,0,,0,,0,,0,,0,,0,,,,,,,,,,1119779,1119779,1119779,165.9512478,,0,,,,,0,3,1,,0,0,0,0,0,0,0,0,0,0,,,,,,0.247,"Thu, 25 Jun 2026 19:20:41 GMT",,,,,1.1,,,,,,https://www.syedirfanajmal.com/podcast/elvin-zhang-s01e04.jpg,2026-06-26 0:34:09
https://www.syedirfanajmal.com/podcast/seo-backlinks-tutorial.jpg,image/jpeg,200,OK,Indexable,,,0,0,,0,0,,0,,0,,0,,0,,0,,,,,,,,,,409576,409576,409576,60.6991632,,0,,,,,0,3,1,,0,0,0,0,0,0,0,0,0,0,,,,,,0.261,"Thu, 25 Jun 2026 19:20:40 GMT",,,,,1.1,,,,,,https://www.syedirfanajmal.com/podcast/seo-backlinks-tutorial.jpg,2026-06-26 0:34:10
https://www.syedirfanajmal.com/podcast/collab-link-building-s02e06.jpg,image/jpeg,200,OK,Indexable,,,0,0,,0,0,,0,,0,,0,,0,,0,,,,,,,,,,107052,107052,107052,15.8651064,,0,,,,,0,3,1,,0,0,0,0,0,0,0,0,0,0,,,,,,0.837,"Thu, 25 Jun 2026 19:35:40 GMT",,,,,1.1,,,,,,https://www.syedirfanajmal.com/podcast/collab-link-building-s02e06.jpg,2026-06-26 0:34:18
https://www.syedirfanajmal.com/podcast/digital-pr-vs-seo-key-s02e05.jpg,image/jpeg,200,OK,Indexable,,,0,0,,0,0,,0,,0,,0,,0,,0,,,,,,,,,,112753,112753,112753,16.7099946,,0,,,,,0,3,1,,0,0,0,0,0,0,0,0,0,0,,,,,,0.59,"Thu, 25 Jun 2026 19:35:40 GMT",,,,,1.1,,,,,,https://www.syedirfanajmal.com/podcast/digital-pr-vs-seo-key-s02e05.jpg,2026-06-26 0:34:18
https://www.syedirfanajmal.com/_next/static/chunks/15dheqrr3x1wb.js,application/javascript; charset=utf-8,200,OK,Indexable,,,0,0,,0,0,,0,,0,,0,,0,,0,,,,,,,,,,0,0,0,0,,0,,,,,0,3,3,,0,0,0,0,0,0,0,0,0,0,,,,,,0.266,"Thu, 25 Jun 2026 19:21:07 GMT",,,,,1.1,,,,,,https://www.syedirfanajmal.com/_next/static/chunks/15dheqrr3x1wb.js,2026-06-26 0:34:19
https://www.syedirfanajmal.com/_next/static/chunks/00fnz66j5qz~w.js,application/javascript; charset=utf-8,200,OK,Indexable,,,0,0,,0,0,,0,,0,,0,,0,,0,,,,,,,,,,0,0,0,0,,0,,,,,0,3,3,,0,0,0,0,0,0,0,0,0,0,,,,,,0.248,"Thu, 25 Jun 2026 19:21:07 GMT",,,,,1.1,,,,,,https://www.syedirfanajmal.com/_next/static/chunks/00fnz66j5qz~w.js,2026-06-26 0:34:19
https://www.syedirfanajmal.com/_next/static/chunks/0qyjft.8rzkkg.js,application/javascript; charset=utf-8,200,OK,Indexable,,,0,0,,0,0,,0,,0,,0,,0,,0,,,,,,,,,,0,0,0,0,,0,,,,,0,3,3,,0,0,0,0,0,0,0,0,0,0,,,,,,0.254,"Thu, 25 Jun 2026 19:21:07 GMT",,,,,1.1,,,,,,https://www.syedirfanajmal.com/_next/static/chunks/0qyjft.8rzkkg.js,2026-06-26 0:34:19
https://www.syedirfanajmal.com/_next/static/chunks/0cx1dti360n5s.js,application/javascript; charset=utf-8,200,OK,Indexable,,,0,0,,0,0,,0,,0,,0,,0,,0,,,,,,,,,,0,0,0,0,,0,,,,,0,3,3,,0,0,0,0,0,0,0,0,0,0,,,,,,0.248,"Thu, 25 Jun 2026 19:21:07 GMT",,,,,1.1,,,,,,https://www.syedirfanajmal.com/_next/static/chunks/0cx1dti360n5s.js,2026-06-26 0:34:19
https://www.syedirfanajmal.com/_next/static/chunks/0jphs.48~59g7.js,application/javascript; charset=utf-8,200,OK,Indexable,,,0,0,,0,0,,0,,0,,0,,0,,0,,,,,,,,,,0,0,0,0,,0,,,,,0,3,3,,0,0,0,0,0,0,0,0,0,0,,,,,,0.277,"Thu, 25 Jun 2026 19:21:13 GMT",,,,,1.1,,,,,,https://www.syedirfanajmal.com/_next/static/chunks/0jphs.48~59g7.js,2026-06-26 0:34:23
https://www.syedirfanajmal.com/_next/static/chunks/0gwcqdlu9pryn.js,application/javascript; charset=utf-8,200,OK,Indexable,,,0,0,,0,0,,0,,0,,0,,0,,0,,,,,,,,,,0,0,0,0,,0,,,,,0,3,3,,0,0,0,0,0,0,0,0,0,0,,,,,,0.264,"Thu, 25 Jun 2026 19:21:08 GMT",,,,,1.1,,,,,,https://www.syedirfanajmal.com/_next/static/chunks/0gwcqdlu9pryn.js,2026-06-26 0:34:28
https://www.syedirfanajmal.com/tools/coverageiq,text/html; charset=utf-8,200,OK,Indexable,,CoverageIQ · Pitch Tracking CRM · EMOS Tool Suite · Syed Irfan Ajmal,68,619,"Track your entire media pitch lifecycle — from drafted to amplified. Manage journalist relationships, log placements, monitor follow-ups, and visualise your PESO coverage mix. Part of the EMOS earned-media suite.",212,1307,,0,,0,,0,,0,,0,,,,https://www.syedirfanajmal.com/tools/coverageiq,,,,,,74187,9668,9668,1.4327976,,403,161,2.50310559,97.23231309,Very Easy,3.3665717,3,1,,5,5,0,6.85,7,6,0,0,0,0,,,,,e38de76c19b7fb473e12c9434f094acc,0.279,,,,,en,1.1,,,,,,https://www.syedirfanajmal.com/tools/coverageiq,2026-06-26 0:34:28
https://www.syedirfanajmal.com/_next/static/chunks/1745v5toxch40.js,application/javascript; charset=utf-8,200,OK,Indexable,,,0,0,,0,0,,0,,0,,0,,0,,0,,,,,,,,,,0,0,0,0,,0,,,,,0,3,3,,0,0,0,0,0,0,0,0,0,0,,,,,,0.245,"Thu, 25 Jun 2026 19:21:28 GMT",,,,,1.1,,,,,,https://www.syedirfanajmal.com/_next/static/chunks/1745v5toxch40.js,2026-06-26 0:34:29
https://www.syedirfanajmal.com/articles/neuromarketing/EyeTracking.jpg,image/jpeg,200,OK,Indexable,,,0,0,,0,0,,0,,0,,0,,0,,0,,,,,,,,,,59928,59928,59928,8.8813296,,0,,,,,0,3,2,,0,0,0,0,0,0,0,0,0,0,,,,,,0.106,"Thu, 25 Jun 2026 19:21:19 GMT",,,,,1.1,,,,,,https://www.syedirfanajmal.com/articles/neuromarketing/EyeTracking.jpg,2026-06-26 0:34:29
https://www.syedirfanajmal.com/_next/static/chunks/0vyd~t313w6xa.js,application/javascript; charset=utf-8,200,OK,Indexable,,,0,0,,0,0,,0,,0,,0,,0,,0,,,,,,,,,,0,0,0,0,,0,,,,,0,3,3,,0,0,0,0,0,0,0,0,0,0,,,,,,0.239,"Thu, 25 Jun 2026 19:21:29 GMT",,,,,1.1,,,,,,https://www.syedirfanajmal.com/_next/static/chunks/0vyd~t313w6xa.js,2026-06-26 0:34:29
https://www.syedirfanajmal.com/tools/signaliq/about,text/html; charset=utf-8,200,OK,Indexable,,SignalIQ · Methodology & Data Sources,37,345,"How SignalIQ scores media coverage gaps: what the lead/whitespace score measures, the data sources behind it, and what it deliberately does not measure.",152,965,,0,How SignalIQ works. What it measures. What it doesn’t.,54,,0,,0,,0,,,,https://www.syedirfanajmal.com/tools/signaliq/about,,,,,,50846,11755,11755,1.742091,,1240,195,6.358974359,69.65999586,Normal,15.2786,3,2,,2,1,0,1.37,11,8,0,5,5,0,,,,,926c212bf18ea605ad85491e98853bb6,0.285,,,,,en,1.1,,,,,,https://www.syedirfanajmal.com/tools/signaliq/about,2026-06-26 0:34:29
https://www.syedirfanajmal.com/articles/neuromarketing/Fig2_Rotating_brain_colored.gif,image/gif,200,OK,Indexable,,,0,0,,0,0,,0,,0,,0,,0,,0,,,,,,,,,,1754334,1754334,1754334,259.9922988,,0,,,,,0,3,2,,0,0,0,0,0,0,0,0,0,0,,,,,,0.084,"Thu, 25 Jun 2026 19:21:21 GMT",,,,,1.1,,,,,,https://www.syedirfanajmal.com/articles/neuromarketing/Fig2_Rotating_brain_colored.gif,2026-06-26 0:34:29
https://www.syedirfanajmal.com/articles/neuromarketing/PhineasGage.jpg,image/jpeg,200,OK,Indexable,,,0,0,,0,0,,0,,0,,0,,0,,0,,,,,,,,,,104900,104900,104900,15.54618,,0,,,,,0,3,2,,0,0,0,0,0,0,0,0,0,0,,,,,,0.236,"Thu, 25 Jun 2026 19:21:21 GMT",,,,,1.1,,,,,,https://www.syedirfanajmal.com/articles/neuromarketing/PhineasGage.jpg,2026-06-26 0:34:30
https://www.syedirfanajmal.com/articles/neuromarketing/Facial-coding.png,image/png,200,OK,Indexable,,,0,0,,0,0,,0,,0,,0,,0,,0,,,,,,,,,,133788,133788,133788,19.8273816,,0,,,,,0,3,2,,0,0,0,0,0,0,0,0,0,0,,,,,,0.265,"Thu, 25 Jun 2026 19:21:23 GMT",,,,,1.1,,,,,,https://www.syedirfanajmal.com/articles/neuromarketing/Facial-coding.png,2026-06-26 0:34:31
https://www.syedirfanajmal.com/articles/neuromarketing/RedBull-EEG.jpeg,image/jpeg,200,OK,Indexable,,,0,0,,0,0,,0,,0,,0,,0,,0,,,,,,,,,,54144,54144,54144,8.0241408,,0,,,,,0,3,2,,0,0,0,0,0,0,0,0,0,0,,,,,,0.251,"Thu, 25 Jun 2026 19:21:23 GMT",,,,,1.1,,,,,,https://www.syedirfanajmal.com/articles/neuromarketing/RedBull-EEG.jpeg,2026-06-26 0:34:31
https://www.syedirfanajmal.com/articles/neuromarketing/baby-3.jpg,image/jpeg,200,OK,Indexable,,,0,0,,0,0,,0,,0,,0,,0,,0,,,,,,,,,,85814,85814,85814,12.7176348,,0,,,,,0,3,2,,0,0,0,0,0,0,0,0,0,0,,,,,,0.345,"Thu, 25 Jun 2026 19:21:23 GMT",,,,,1.1,,,,,,https://www.syedirfanajmal.com/articles/neuromarketing/baby-3.jpg,2026-06-26 0:34:32
https://www.syedirfanajmal.com/articles/neuromarketing/EEG-Scanner.jpg,image/jpeg,200,OK,Indexable,,,0,0,,0,0,,0,,0,,0,,0,,0,,,,,,,,,,43456,43456,43456,6.4401792,,0,,,,,0,3,2,,0,0,0,0,0,0,0,0,0,0,,,,,,0.252,"Thu, 25 Jun 2026 19:21:26 GMT",,,,,1.1,,,,,,https://www.syedirfanajmal.com/articles/neuromarketing/EEG-Scanner.jpg,2026-06-26 0:34:33
https://www.syedirfanajmal.com/articles/neuromarketing/baby-2.jpg,image/jpeg,200,OK,Indexable,,,0,0,,0,0,,0,,0,,0,,0,,0,,,,,,,,,,84532,84532,84532,12.5276424,,0,,,,,0,3,2,,0,0,0,0,0,0,0,0,0,0,,,,,,0.247,"Thu, 25 Jun 2026 19:21:26 GMT",,,,,1.1,,,,,,https://www.syedirfanajmal.com/articles/neuromarketing/baby-2.jpg,2026-06-26 0:34:33
https://www.syedirfanajmal.com/articles/neuromarketing/Phineas-gage-rod-skull-model-story.jpg,image/jpeg,200,OK,Indexable,,,0,0,,0,0,,0,,0,,0,,0,,0,,,,,,,,,,39296,39296,39296,5.8236672,,0,,,,,0,3,2,,0,0,0,0,0,0,0,0,0,0,,,,,,0.255,"Thu, 25 Jun 2026 19:21:27 GMT",,,,,1.1,,,,,,https://www.syedirfanajmal.com/articles/neuromarketing/Phineas-gage-rod-skull-model-story.jpg,2026-06-26 0:34:33
https://www.syedirfanajmal.com/articles/neuromarketing/neuromarketing-pepsi-cocacola.png,image/png,200,OK,Indexable,,,0,0,,0,0,,0,,0,,0,,0,,0,,,,,,,,,,104172,104172,104172,15.4382904,,0,,,,,0,3,2,,0,0,0,0,0,0,0,0,0,0,,,,,,0.416,"Thu, 25 Jun 2026 19:21:27 GMT",,,,,1.1,,,,,,https://www.syedirfanajmal.com/articles/neuromarketing/neuromarketing-pepsi-cocacola.png,2026-06-26 0:34:34
https://www.syedirfanajmal.com/_next/static/chunks/0thhuz2xgujn3.js,application/javascript; charset=utf-8,200,OK,Indexable,,,0,0,,0,0,,0,,0,,0,,0,,0,,,,,,,,,,0,0,0,0,,0,,,,,0,3,3,,0,0,0,0,0,0,0,0,0,0,,,,,,0.26,"Thu, 25 Jun 2026 19:21:29 GMT",,,,,1.1,,,,,,https://www.syedirfanajmal.com/_next/static/chunks/0thhuz2xgujn3.js,2026-06-26 0:34:34
https://www.syedirfanajmal.com/infographics/bing-seo-infographic-2015.png,image/png,200,OK,Indexable,,,0,0,,0,0,,0,,0,,0,,0,,0,,,,,,,,,,491507,491507,491507,72.8413374,,0,,,,,0,3,1,,1,1,0,1.37,0,0,0,0,0,0,,,,,,0.235,"Thu, 25 Jun 2026 19:21:29 GMT",,,,,1.1,,,,,,https://www.syedirfanajmal.com/infographics/bing-seo-infographic-2015.png,2026-06-26 0:34:34
https://www.syedirfanajmal.com/infographics,text/html; charset=utf-8,200,OK,Indexable,,Infographics · Interactive Data Stories · Syed Irfan Ajmal,58,496,"Interactive infographics and data visualizations, including the Scientific Benefits of Writing and the Journalist Outreach Checklist.",133,795,,0,Research made visible.,22,,0,Top 11 Scientific Benefits of Writing,37,The Journo Outreach Checklist,29,,,,https://www.syedirfanajmal.com/infographics,,,,,,51090,10030,10030,1.486446,,499,91,5.483516484,81.06602436,Easy,7.186052,3,0,,2,2,0,2.74,44,23,0,7,7,0,,,,,f1a262c4d9b2a71610a197346f6ca5db,0.287,,,,,en,1.1,,,,,,https://www.syedirfanajmal.com/infographics,2026-06-26 0:34:35
https://www.syedirfanajmal.com/emos/apply,text/html; charset=utf-8,200,OK,Indexable,,Apply for EMOS Cohort 1 · 5 Seats · Rolling Applications · Syed Irfan Ajmal,75,652,"One short application. We review every submission personally within 48 hours. If it's a fit, we'll send a Calendly link to talk through the details.",148,863,,0,5 Seats. Rolling Applications. Here’s How to Claim One.,55,,0,An in-house earned media engine — not another agency retainer.,62,What Happens After You Apply.,29,,,,https://www.syedirfanajmal.com/emos/apply,,,,,,63019,11841,11841,1.7548362,,382,91,4.197802198,79.43915224,Fairly Easy,4.384821,3,1,,0,0,0,0,25,12,0,0,0,0,,,,,cca3b406921d9f727ae749c40eb5e1bf,0.947,,,,,en,1.1,,,,,,https://www.syedirfanajmal.com/emos/apply,2026-06-26 0:34:58
https://www.syedirfanajmal.com/podcast/peter-gould-s01e01.jpg,image/jpeg,200,OK,Indexable,,,0,0,,0,0,,0,,0,,0,,0,,0,,,,,,,,,,549234,549234,549234,81.3964788,,0,,,,,0,3,1,,0,0,0,0,0,0,0,0,0,0,,,,,,0.096,"Thu, 25 Jun 2026 19:22:11 GMT",,,,,1.1,,,,,,https://www.syedirfanajmal.com/podcast/peter-gould-s01e01.jpg,2026-06-26 0:34:59
https://www.syedirfanajmal.com/podcast/jason-forrest.jpg,image/jpeg,200,OK,Indexable,,,0,0,,0,0,,0,,0,,0,,0,,0,,,,,,,,,,55508,55508,55508,8.2262856,,0,,,,,0,3,1,,0,0,0,0,0,0,0,0,0,0,,,,,,0.279,"Thu, 25 Jun 2026 19:22:09 GMT",,,,,1.1,,,,,,https://www.syedirfanajmal.com/podcast/jason-forrest.jpg,2026-06-26 0:34:59
https://www.syedirfanajmal.com/podcast/publicity-backlinks-haro-s01e06.jpg,image/jpeg,200,OK,Indexable,,,0,0,,0,0,,0,,0,,0,,0,,0,,,,,,,,,,142188,142188,142188,21.0722616,,0,,,,,0,3,1,,0,0,0,0,0,0,0,0,0,0,,,,,,0.249,"Thu, 25 Jun 2026 19:22:07 GMT",,,,,1.1,,,,,,https://www.syedirfanajmal.com/podcast/publicity-backlinks-haro-s01e06.jpg,2026-06-26 0:35:00
https://www.syedirfanajmal.com/podcast/haro-outreach-twist-s01e07.jpg,image/jpeg,200,OK,Indexable,,,0,0,,0,0,,0,,0,,0,,0,,0,,,,,,,,,,388601,388601,388601,57.5906682,,0,,,,,0,3,1,,0,0,0,0,0,0,0,0,0,0,,,,,,0.245,"Thu, 25 Jun 2026 19:22:12 GMT",,,,,1.1,,,,,,https://www.syedirfanajmal.com/podcast/haro-outreach-twist-s01e07.jpg,2026-06-26 0:35:01
https://www.syedirfanajmal.com/podcast/seo-project-management.jpg,image/jpeg,200,OK,Indexable,,,0,0,,0,0,,0,,0,,0,,0,,0,,,,,,,,,,409576,409576,409576,60.6991632,,0,,,,,0,3,1,,0,0,0,0,0,0,0,0,0,0,,,,,,0.252,"Thu, 25 Jun 2026 19:22:11 GMT",,,,,1.1,,,,,,https://www.syedirfanajmal.com/podcast/seo-project-management.jpg,2026-06-26 0:35:02
https://www.syedirfanajmal.com/podcast/lisa-zahran-copywriting-sia-01e03.jpg,image/jpeg,200,OK,Indexable,,,0,0,,0,0,,0,,0,,0,,0,,0,,,,,,,,,,216004,216004,216004,32.0117928,,0,,,,,0,3,1,,0,0,0,0,0,0,0,0,0,0,,,,,,0.259,"Thu, 25 Jun 2026 19:22:13 GMT",,,,,1.1,,,,,,https://www.syedirfanajmal.com/podcast/lisa-zahran-copywriting-sia-01e03.jpg,2026-06-26 0:35:02
https://www.syedirfanajmal.com/podcast/creating-links-vs-earning-links.jpg,image/jpeg,200,OK,Indexable,,,0,0,,0,0,,0,,0,,0,,0,,0,,,,,,,,,,113218,113218,113218,16.7789076,,0,,,,,0,3,1,,0,0,0,0,0,0,0,0,0,0,,,,,,0.248,"Thu, 25 Jun 2026 19:22:12 GMT",,,,,1.1,,,,,,https://www.syedirfanajmal.com/podcast/creating-links-vs-earning-links.jpg,2026-06-26 0:35:03